id,Exporter,Resource,Year,value,weight,percent,load
1,Albania,Soybeans,2007,7298000,0,0,0
2,Algeria,Soybeans,2007,334000,0,0,0
3,American Samoa,Soybeans,2007,0,0,0,0
4,Antigua and Barbuda,Soybeans,2007,5714000,0,0,0
5,Azerbaijan,Soybeans,2007,8000,0,0,0
6,Argentina,Soybeans,2007,15618414000,44005882.83,36,23
7,Australia,Soybeans,2007,10780000,0,0,0
8,Austria,Soybeans,2007,40432000,0,0,0
9,Bahamas,Soybeans,2007,0,0,0,0
10,Bahrain,Soybeans,2007,0,0,0,0
11,Bangladesh,Soybeans,2007,2167000,0,0,0
12,Barbados,Soybeans,2007,3782000,0,0,0
13,Belgium,Soybeans,2007,576618000,0,0,0
14,Bermuda,Soybeans,2007,2318000,0,0,0
15,Bhutan,Soybeans,2007,2085000,0,0,0
16,Bolivia,Soybeans,2007,248897000,0,0,0
17,Bosnia Herzegovina,Soybeans,2007,2952000,0,0,0
18,Botswana,Soybeans,2007,5000,0,0,0
19,Brazil,Soybeans,2007,13382287000,39750760.51,31,26
20,Belize,Soybeans,2007,21741000,0,0,0
21,Brunei Darussalam,Soybeans,2007,6000,0,0,0
22,Bulgaria,Soybeans,2007,7046000,0,0,0
23,Myanmar,Soybeans,2007,223000,0,0,0
24,Cambodia,Soybeans,2007,5218000,0,0,0
25,Canada,Soybeans,2007,785938000,0,0,26
26,Cayman Isds,Soybeans,2007,349000,0,0,0
27,Sri Lanka,Soybeans,2007,86000,0,0,0
28,Chile,Soybeans,2007,24977000,0,0,-33
29,China,Soybeans,2007,539961000,0,0,17
30,Colombia,Soybeans,2007,9437000,0,0,0
31,Comoros,Soybeans,2007,0,0,0,0
32,"Congo, Rep.",Soybeans,2007,274000,0,0,0
33,"Congo, Dem. Rep.",Soybeans,2007,1000,0,0,0
34,Costa Rica,Soybeans,2007,13519000,0,0,0
35,Croatia,Soybeans,2007,5912000,0,0,0
36,Cuba,Soybeans,2007,1000,0,0,22
37,Cyprus,Soybeans,2007,3839000,0,0,0
38,Czech Rep.,Soybeans,2007,3988000,0,0,0
39,Benin,Soybeans,2007,457000,0,0,0
40,Denmark,Soybeans,2007,61185000,0,0,0
41,Dominican Rep.,Soybeans,2007,7905000,0,0,0
42,Ecuador,Soybeans,2007,3542000,0,0,0
43,El Salvador,Soybeans,2007,197000,0,0,0
44,Ethiopia,Soybeans,2007,1011000,0,0,0
45,Estonia,Soybeans,2007,11654000,0,0,0
46,Fiji,Soybeans,2007,1537000,0,0,0
47,Finland,Soybeans,2007,1700000,0,0,0
48,France,Soybeans,2007,80052000,0,0,-3
49,Georgia,Soybeans,2007,262000,0,0,0
50,Gambia,Soybeans,2007,8000,0,0,0
51,State of Palestine,Soybeans,2007,236000,0,0,0
52,Germany,Soybeans,2007,610286000,0,0,-4
53,Ghana,Soybeans,2007,1058000,0,0,0
54,Gibraltar,Soybeans,2007,3000,0,0,0
55,Greece,Soybeans,2007,33788000,0,0,0
56,Guam,Soybeans,2007,13000,0,0,0
57,Guatemala,Soybeans,2007,6983000,0,0,0
58,Guyana,Soybeans,2007,6000,0,0,0
59,Holy See,Soybeans,2007,0,0,0,0
60,Honduras,Soybeans,2007,92000,0,0,0
61,"China, Hong Kong SAR",Soybeans,2007,17357000,0,0,0
62,Hungary,Soybeans,2007,23649000,0,0,18
63,Indonesia,Soybeans,2007,14808000,0,0,0
64,Iran,Soybeans,2007,713000,0,0,0
65,Ireland,Soybeans,2007,20485000,0,0,0
66,Israel,Soybeans,2007,9543000,0,0,0
67,Italy,Soybeans,2007,141485000,0,0,0
68,Cote d'Ivoire,Soybeans,2007,16000,0,0,0
69,Jamaica,Soybeans,2007,1503000,0,0,0
70,Japan,Soybeans,2007,6670000,0,0,0
71,Kazakhstan,Soybeans,2007,7345000,0,0,0
72,Jordan,Soybeans,2007,4363000,0,0,0
73,Kenya,Soybeans,2007,5322000,0,0,0
74,"Korea, Dem. Rep.",Soybeans,2007,14000,0,0,0
75,"Korea, Rep.",Soybeans,2007,5534000,0,0,0
76,Kuwait,Soybeans,2007,2968000,0,0,0
77,Kyrgyzstan,Soybeans,2007,35000,0,0,0
78,Lao PDR,Soybeans,2007,98000,0,0,0
79,Lebanon,Soybeans,2007,503000,0,0,0
80,Latvia,Soybeans,2007,15826000,0,0,0
81,Liberia,Soybeans,2007,0,0,0,0
82,Lithuania,Soybeans,2007,7156000,0,0,0
83,Luxembourg,Soybeans,2007,865000,0,0,0
84,"China, Macao SAR",Soybeans,2007,1000,0,0,0
85,Madagascar,Soybeans,2007,94000,0,0,0
86,Malawi,Soybeans,2007,5321000,0,0,0
87,Malaysia,Soybeans,2007,155160000,0,0,0
88,Mali,Soybeans,2007,22000,0,0,0
89,Malta,Soybeans,2007,464000,0,0,0
90,Mauritius,Soybeans,2007,777000,0,0,0
91,Mexico,Soybeans,2007,4240000,0,0,0
92,"Other Asia, nes",Soybeans,2007,20496000,0,0,0
93,Mongolia,Soybeans,2007,0,0,0,0
94,Moldova,Soybeans,2007,18372000,0,0,0
95,Morocco,Soybeans,2007,12766000,0,0,0
96,Mozambique,Soybeans,2007,1855000,0,0,0
97,Oman,Soybeans,2007,502000,0,0,0
98,Namibia,Soybeans,2007,331000,0,0,0
99,Nepal,Soybeans,2007,247000,0,0,0
100,Netherlands,Soybeans,2007,1657252000,4415680.075,4,0
101,Netherlands Antilles,Soybeans,2007,103000,0,0,0
102,Aruba,Soybeans,2007,16538000,0,0,0
103,New Caledonia,Soybeans,2007,0,0,0,0
104,New Zealand,Soybeans,2007,792000,0,0,0
105,Nicaragua,Soybeans,2007,358000,0,0,0
106,Niger,Soybeans,2007,8000,0,0,0
107,Nigeria,Soybeans,2007,97000,0,0,0
108,"Other Europe, nes",Soybeans,2007,13543000,0,0,0
109,"Other Africa, nes",Soybeans,2007,0,0,0,0
110,Norway,Soybeans,2007,109366000,0,0,0
111,Pakistan,Soybeans,2007,283000,0,0,0
112,Panama,Soybeans,2007,1016000,0,0,0
113,Paraguay,Soybeans,2007,1517191000,5197503.009,3,0
114,Peru,Soybeans,2007,42815000,0,0,0
115,Philippines,Soybeans,2007,178000,0,0,0
116,Poland,Soybeans,2007,16677000,0,0,0
117,Portugal,Soybeans,2007,128639000,0,0,0
118,Qatar,Soybeans,2007,87000,0,0,0
119,Romania,Soybeans,2007,41498000,0,0,0
120,Russia,Soybeans,2007,24648000,0,0,0
121,Saint Lucia,Soybeans,2007,0,0,0,0
122,Saint Vincent and the Grenadines,Soybeans,2007,2000,0,0,0
123,Sao Tome and Principe,Soybeans,2007,0,0,0,0
124,Saudi Arabia,Soybeans,2007,723000,0,0,0
125,Senegal,Soybeans,2007,1187000,0,0,0
126,Serbia,Soybeans,2007,37202000,0,0,0
127,Seychelles,Soybeans,2007,848000,0,0,0
128,India,Soybeans,2007,1334180000,0,0,0
129,Singapore,Soybeans,2007,35109000,0,0,0
130,Slovakia,Soybeans,2007,2659000,0,0,0
131,Vietnam,Soybeans,2007,8818000,0,0,0
132,Slovenia,Soybeans,2007,156901000,0,0,0
133,South Africa,Soybeans,2007,30631000,0,0,0
134,Zimbabwe,Soybeans,2007,178000,0,0,0
135,Spain,Soybeans,2007,226196000,0,0,0
136,Swaziland,Soybeans,2007,1537000,0,0,0
137,Sweden,Soybeans,2007,28228000,0,0,0
138,Switzerland,Soybeans,2007,57698000,0,0,0
139,Syria,Soybeans,2007,21949000,0,0,0
140,Thailand,Soybeans,2007,13129000,0,0,0
141,Togo,Soybeans,2007,107000,0,0,0
142,Trinidad and Tobago,Soybeans,2007,1670000,0,0,0
143,UAE,Soybeans,2007,145528000,0,0,0
144,Tunisia,Soybeans,2007,2224000,0,0,0
145,Turkey,Soybeans,2007,13081000,0,0,0
146,Uganda,Soybeans,2007,9084000,0,0,0
147,Ukraine,Soybeans,2007,117947000,0,0,0
148,"Macedonia, FYR",Soybeans,2007,11000,0,0,0
149,Egypt,Soybeans,2007,12580000,0,0,0
150,United Kingdom,Soybeans,2007,53970000,0,0,0
151,Tanzania,Soybeans,2007,870000,0,0,0
152,Free Zones,Soybeans,2007,2000,0,0,0
153,USA,Soybeans,2007,13287100000,38300262.06,30,0
154,Burkina Faso,Soybeans,2007,280000,0,0,0
155,Uruguay,Soybeans,2007,431479000,0,0,60
156,Uzbekistan,Soybeans,2007,60887000,0,0,0
157,Venezuela,Soybeans,2007,40000,0,0,0
158,Zambia,Soybeans,2007,6558000,0,0,0
159,All Countries,Soybeans,2007,52327174000,0,0,0
160,Afghanistan,Soybeans,2008,2000,0,0,0
161,Algeria,Soybeans,2008,7647000,0,0,0
162,Angola,Soybeans,2008,5000,0,0,0
163,Antigua and Barbuda,Soybeans,2008,13639000,0,0,0
164,Argentina,Soybeans,2008,22044914000,41622043.49,31,0
165,Australia,Soybeans,2008,16408000,0,0,0
166,Austria,Soybeans,2008,51160000,0,0,0
167,Bahamas,Soybeans,2008,95000,0,0,0
168,Bahrain,Soybeans,2008,36000,0,0,0
169,Bangladesh,Soybeans,2008,26000,0,0,0
170,Armenia,Soybeans,2008,254000,0,0,0
171,Barbados,Soybeans,2008,5763000,0,0,0
172,Belgium,Soybeans,2008,547811000,0,0,0
173,Bhutan,Soybeans,2008,47000,0,0,0
174,Bolivia,Soybeans,2008,655258000,0,0,0
175,Bosnia Herzegovina,Soybeans,2008,11094000,0,0,0
176,Botswana,Soybeans,2008,4000,0,0,0
177,Bouvet Island,Soybeans,2008,0,0,0,0
178,Brazil,Soybeans,2008,21534199000,39955551.71,30,0
179,Belize,Soybeans,2008,105000,0,0,0
180,Brunei Darussalam,Soybeans,2008,98000,0,0,0
181,Bulgaria,Soybeans,2008,9152000,0,0,0
182,Myanmar,Soybeans,2008,646000,0,0,0
183,Burundi,Soybeans,2008,3000,0,0,0
184,Belarus,Soybeans,2008,27000,0,0,0
185,Cambodia,Soybeans,2008,5503000,0,0,0
186,Cameroon,Soybeans,2008,413000,0,0,0
187,Canada,Soybeans,2008,999852000,0,0,26
188,Central African Rep.,Soybeans,2008,0,0,0,0
189,Sri Lanka,Soybeans,2008,172000,0,0,0
190,Chile,Soybeans,2008,7471000,0,0,0
191,China,Soybeans,2008,859177000,0,0,24
192,Colombia,Soybeans,2008,12769000,0,0,0
193,"Congo, Dem. Rep.",Soybeans,2008,33000,0,0,0
194,Costa Rica,Soybeans,2008,7575000,0,0,0
195,Croatia,Soybeans,2008,11395000,0,0,0
196,Cyprus,Soybeans,2008,3883000,0,0,0
197,Czech Rep.,Soybeans,2008,5661000,0,0,0
198,Benin,Soybeans,2008,984000,0,0,0
199,Denmark,Soybeans,2008,78707000,0,0,0
200,Dominican Rep.,Soybeans,2008,11197000,0,0,0
201,Ecuador,Soybeans,2008,22907000,0,0,0
202,El Salvador,Soybeans,2008,949000,0,0,0
203,Ethiopia,Soybeans,2008,3604000,0,0,0
204,Estonia,Soybeans,2008,20084000,0,0,0
205,Fiji,Soybeans,2008,748000,0,0,0
206,Finland,Soybeans,2008,1361000,0,0,0
207,France,Soybeans,2008,142081000,0,0,0
208,Georgia,Soybeans,2008,1596000,0,0,0
209,Gambia,Soybeans,2008,22000,0,0,0
210,State of Palestine,Soybeans,2008,516000,0,0,0
211,Germany,Soybeans,2008,1077234000,0,0,0
212,Ghana,Soybeans,2008,1020000,0,0,0
213,Greece,Soybeans,2008,52947000,0,0,0
214,Guam,Soybeans,2008,22000,0,0,0
215,Guatemala,Soybeans,2008,16553000,0,0,0
216,Guyana,Soybeans,2008,86000,0,0,0
217,Honduras,Soybeans,2008,50000,0,0,0
218,"China, Hong Kong SAR",Soybeans,2008,23004000,0,0,0
219,Hungary,Soybeans,2008,28015000,0,0,0
220,Indonesia,Soybeans,2008,7694000,0,0,0
221,Iran,Soybeans,2008,1392000,0,0,0
222,Ireland,Soybeans,2008,13032000,0,0,0
223,Israel,Soybeans,2008,20975000,0,0,0
224,Italy,Soybeans,2008,218944000,0,0,0
225,Cote d'Ivoire,Soybeans,2008,36000,0,0,0
226,Jamaica,Soybeans,2008,12000,0,0,0
227,Japan,Soybeans,2008,5787000,0,0,0
228,Kazakhstan,Soybeans,2008,8153000,0,0,0
229,Jordan,Soybeans,2008,1780000,0,0,0
230,Kenya,Soybeans,2008,5322000,0,0,0
231,"Korea, Dem. Rep.",Soybeans,2008,10000,0,0,0
232,"Korea, Rep.",Soybeans,2008,33900000,0,0,0
233,Kuwait,Soybeans,2008,2231000,0,0,0
234,Kyrgyzstan,Soybeans,2008,2000,0,0,0
235,Lao PDR,Soybeans,2008,27000,0,0,0
236,Lebanon,Soybeans,2008,66000,0,0,0
237,Lesotho,Soybeans,2008,34000,0,0,0
238,Latvia,Soybeans,2008,47908000,0,0,0
239,Libya,Soybeans,2008,259000,0,0,0
240,Lithuania,Soybeans,2008,30042000,0,0,0
241,Luxembourg,Soybeans,2008,1702000,0,0,0
242,"China, Macao SAR",Soybeans,2008,92000,0,0,0
243,Madagascar,Soybeans,2008,7000,0,0,0
244,Malawi,Soybeans,2008,2071000,0,0,0
245,Malaysia,Soybeans,2008,279060000,0,0,0
246,Malta,Soybeans,2008,2000,0,0,0
247,Mauritius,Soybeans,2008,177000,0,0,0
248,Mexico,Soybeans,2008,7776000,0,0,0
249,"Other Asia, nes",Soybeans,2008,25118000,0,0,0
250,Mongolia,Soybeans,2008,0,0,0,0
251,Moldova,Soybeans,2008,29119000,0,0,0
252,Morocco,Soybeans,2008,13126000,0,0,0
253,Mozambique,Soybeans,2008,1963000,0,0,0
254,Oman,Soybeans,2008,1056000,0,0,0
255,Namibia,Soybeans,2008,646000,0,0,0
256,Nepal,Soybeans,2008,26000,0,0,0
257,Netherlands,Soybeans,2008,3027037000,5550517.351,4,12
258,Netherlands Antilles,Soybeans,2008,95000,0,0,0
259,New Caledonia,Soybeans,2008,1000,0,0,0
260,New Zealand,Soybeans,2008,819000,0,0,0
261,Nicaragua,Soybeans,2008,917000,0,0,0
262,Niger,Soybeans,2008,5000,0,0,0
263,Nigeria,Soybeans,2008,843000,0,0,0
264,"Other Europe, nes",Soybeans,2008,23629000,0,0,0
265,Norway,Soybeans,2008,156509000,0,0,0
266,Pakistan,Soybeans,2008,56000,0,0,0
267,Panama,Soybeans,2008,4135000,0,0,0
268,Papua New Guinea,Soybeans,2008,8000,0,0,0
269,Paraguay,Soybeans,2008,2871070000,5941916.587,4,0
270,Peru,Soybeans,2008,10363000,0,0,0
271,Philippines,Soybeans,2008,3291000,0,0,0
272,Poland,Soybeans,2008,29188000,0,0,0
273,Portugal,Soybeans,2008,272811000,0,0,0
274,Qatar,Soybeans,2008,9000,0,0,0
275,Romania,Soybeans,2008,62549000,0,0,0
276,Russia,Soybeans,2008,85334000,0,0,0
277,Rwanda,Soybeans,2008,57000,0,0,0
278,Saint Kitts and Nevis,Soybeans,2008,5000,0,0,0
279,Saint Lucia,Soybeans,2008,0,0,0,0
280,Sao Tome and Principe,Soybeans,2008,0,0,0,0
281,Saudi Arabia,Soybeans,2008,8774000,0,0,0
282,Senegal,Soybeans,2008,73000,0,0,0
283,Serbia,Soybeans,2008,60050000,0,0,0
284,Seychelles,Soybeans,2008,8630000,0,0,0
285,India,Soybeans,2008,2538352000,0,0,44
286,Singapore,Soybeans,2008,42575000,0,0,0
287,Slovakia,Soybeans,2008,2581000,0,0,0
288,Vietnam,Soybeans,2008,3832000,0,0,0
289,Slovenia,Soybeans,2008,162311000,0,0,0
290,South Africa,Soybeans,2008,40586000,0,0,0
291,Zimbabwe,Soybeans,2008,6401000,0,0,0
292,Spain,Soybeans,2008,551815000,0,0,26
293,Fmr Sudan,Soybeans,2008,2000,0,0,0
294,Suriname,Soybeans,2008,23000,0,0,0
295,Swaziland,Soybeans,2008,184000,0,0,0
296,Sweden,Soybeans,2008,42672000,0,0,0
297,Switzerland,Soybeans,2008,83139000,0,0,-15
298,Syria,Soybeans,2008,15662000,0,0,0
299,Tajikistan,Soybeans,2008,3000,0,0,0
300,Thailand,Soybeans,2008,23971000,0,0,0
301,Togo,Soybeans,2008,320000,0,0,0
302,Trinidad and Tobago,Soybeans,2008,5573000,0,0,0
303,UAE,Soybeans,2008,104543000,0,0,0
304,Tunisia,Soybeans,2008,15486000,0,0,0
305,Turkey,Soybeans,2008,14913000,0,0,0
306,Turkmenistan,Soybeans,2008,0,0,0,0
307,Uganda,Soybeans,2008,2956000,0,0,0
308,Ukraine,Soybeans,2008,126633000,0,0,0
309,"Macedonia, FYR",Soybeans,2008,1000,0,0,0
310,Egypt,Soybeans,2008,30392000,0,0,0
311,United Kingdom,Soybeans,2008,88075000,0,0,0
312,Tanzania,Soybeans,2008,163000,0,0,0
313,Bunkers,Soybeans,2008,0,0,0,0
314,Free Zones,Soybeans,2008,109000,0,0,0
315,USA,Soybeans,2008,21646851000,42249480.83,30,0
316,Burkina Faso,Soybeans,2008,189000,0,0,0
317,Uruguay,Soybeans,2008,647258000,0,0,0
318,Uzbekistan,Soybeans,2008,45575000,0,0,0
319,Venezuela,Soybeans,2008,65000,0,0,0
320,Yemen,Soybeans,2008,413000,0,0,0
321,Zambia,Soybeans,2008,1041000,0,0,0
322,All Countries,Soybeans,2008,81926447000,0,0,0
323,Afghanistan,Soybeans,2009,151000,0,0,0
324,Albania,Soybeans,2009,18000,0,0,0
325,Algeria,Soybeans,2009,955000,0,0,0
326,Antigua and Barbuda,Soybeans,2009,4396000,0,0,0
327,Azerbaijan,Soybeans,2009,2000,0,0,0
328,Argentina,Soybeans,2009,14460007000,30964485.05,25,0
329,Australia,Soybeans,2009,13234000,0,0,0
330,Austria,Soybeans,2009,46598000,0,0,0
331,Bahamas,Soybeans,2009,0,0,0,0
332,Bahrain,Soybeans,2009,3000,0,0,0
333,Bangladesh,Soybeans,2009,9000,0,0,0
334,Armenia,Soybeans,2009,11000,0,0,0
335,Barbados,Soybeans,2009,5953000,0,0,0
336,Belgium,Soybeans,2009,424731000,0,0,0
337,Bermuda,Soybeans,2009,0,0,0,0
338,Bhutan,Soybeans,2009,88000,0,0,0
339,Bolivia,Soybeans,2009,574927000,0,0,0
340,Bosnia Herzegovina,Soybeans,2009,9766000,0,0,0
341,Botswana,Soybeans,2009,20000,0,0,0
342,Brazil,Soybeans,2009,19362663000,43326389.61,33,11
343,Belize,Soybeans,2009,7000,0,0,0
344,British Indian Ocean Territory,Soybeans,2009,0,0,0,0
345,Bulgaria,Soybeans,2009,2807000,0,0,0
346,Myanmar,Soybeans,2009,501000,0,0,0
347,Burundi,Soybeans,2009,0,0,0,0
348,Belarus,Soybeans,2009,17771000,0,0,0
349,Cambodia,Soybeans,2009,13399000,0,0,0
350,Cameroon,Soybeans,2009,438000,0,0,0
351,Canada,Soybeans,2009,1070674000,0,0,25
352,Cabo Verde,Soybeans,2009,4000,0,0,0
353,Central African Rep.,Soybeans,2009,164000,0,0,0
354,Sri Lanka,Soybeans,2009,132000,0,0,0
355,Chile,Soybeans,2009,41727000,0,0,0
356,China,Soybeans,2009,866181000,0,0,18
357,Christmas Isds,Soybeans,2009,0,0,0,0
358,Colombia,Soybeans,2009,6954000,0,0,0
359,"Congo, Rep.",Soybeans,2009,11000,0,0,0
360,"Congo, Dem. Rep.",Soybeans,2009,211000,0,0,0
361,Costa Rica,Soybeans,2009,5345000,0,0,0
362,Croatia,Soybeans,2009,19859000,0,0,0
363,Cyprus,Soybeans,2009,539000,0,0,0
364,Czech Rep.,Soybeans,2009,2122000,0,0,0
365,Benin,Soybeans,2009,1737000,0,0,0
366,Denmark,Soybeans,2009,67486000,0,0,0
367,Dominican Rep.,Soybeans,2009,8077000,0,0,0
368,Ecuador,Soybeans,2009,36142000,0,0,0
369,El Salvador,Soybeans,2009,62000,0,0,0
370,Ethiopia,Soybeans,2009,404000,0,0,0
371,Estonia,Soybeans,2009,12532000,0,0,0
372,Fiji,Soybeans,2009,285000,0,0,0
373,Finland,Soybeans,2009,38000,0,0,0
374,France,Soybeans,2009,99121000,0,0,0
375,Georgia,Soybeans,2009,4047000,0,0,0
376,State of Palestine,Soybeans,2009,100000,0,0,0
377,Germany,Soybeans,2009,865792000,0,0,0
378,Ghana,Soybeans,2009,1256000,0,0,0
379,Gibraltar,Soybeans,2009,15000,0,0,0
380,Greece,Soybeans,2009,40506000,0,0,0
381,Guam,Soybeans,2009,13000,0,0,0
382,Guatemala,Soybeans,2009,13571000,0,0,0
383,Guyana,Soybeans,2009,30000,0,0,0
384,Haiti,Soybeans,2009,0,0,0,0
385,Honduras,Soybeans,2009,42000,0,0,0
386,"China, Hong Kong SAR",Soybeans,2009,22653000,0,0,0
387,Hungary,Soybeans,2009,37984000,0,0,0
388,Iceland,Soybeans,2009,0,0,0,0
389,Indonesia,Soybeans,2009,3717000,0,0,0
390,Iran,Soybeans,2009,381000,0,0,0
391,Iraq,Soybeans,2009,12000,0,0,0
392,Ireland,Soybeans,2009,8498000,0,0,0
393,Israel,Soybeans,2009,10591000,0,0,0
394,Italy,Soybeans,2009,237386000,0,0,0
395,Cote d'Ivoire,Soybeans,2009,9000,0,0,0
396,Jamaica,Soybeans,2009,1000,0,0,0
397,Japan,Soybeans,2009,3417000,0,0,0
398,Kazakhstan,Soybeans,2009,6113000,0,0,0
399,Jordan,Soybeans,2009,1896000,0,0,0
400,Kenya,Soybeans,2009,1689000,0,0,0
401,"Korea, Dem. Rep.",Soybeans,2009,45000,0,0,0
402,"Korea, Rep.",Soybeans,2009,52329000,0,0,0
403,Kuwait,Soybeans,2009,3024000,0,0,0
404,Lao PDR,Soybeans,2009,118000,0,0,0
405,Lebanon,Soybeans,2009,63000,0,0,0
406,Latvia,Soybeans,2009,53013000,0,0,0
407,Libya,Soybeans,2009,0,0,0,0
408,Lithuania,Soybeans,2009,27636000,0,0,0
409,Luxembourg,Soybeans,2009,1752000,0,0,0
410,"China, Macao SAR",Soybeans,2009,3000,0,0,0
411,Madagascar,Soybeans,2009,1000,0,0,0
412,Malawi,Soybeans,2009,3070000,0,0,0
413,Malaysia,Soybeans,2009,180711000,0,0,0
414,Mali,Soybeans,2009,0,0,0,0
415,Malta,Soybeans,2009,94000,0,0,0
416,Mauritius,Soybeans,2009,1572000,0,0,0
417,Mexico,Soybeans,2009,5624000,0,0,0
418,"Other Asia, nes",Soybeans,2009,24406000,0,0,0
419,Moldova,Soybeans,2009,16543000,0,0,0
420,Montenegro,Soybeans,2009,1000,0,0,0
421,Morocco,Soybeans,2009,11228000,0,0,0
422,Mozambique,Soybeans,2009,7850000,0,0,0
423,Oman,Soybeans,2009,194000,0,0,0
424,Namibia,Soybeans,2009,506000,0,0,0
425,Nepal,Soybeans,2009,10000,0,0,0
426,Netherlands,Soybeans,2009,2219511000,4343366.175,4,13
427,Netherlands Antilles,Soybeans,2009,16000,0,0,0
428,Aruba,Soybeans,2009,437000,0,0,0
429,New Caledonia,Soybeans,2009,67000,0,0,0
430,New Zealand,Soybeans,2009,1128000,0,0,0
431,Nicaragua,Soybeans,2009,1199000,0,0,0
432,Nigeria,Soybeans,2009,44000,0,0,0
433,"Other Europe, nes",Soybeans,2009,10570000,0,0,0
434,Norway,Soybeans,2009,143790000,0,0,0
435,N. Mariana Isds,Soybeans,2009,0,0,0,0
436,Palau,Soybeans,2009,0,0,0,0
437,Pakistan,Soybeans,2009,156000,0,0,0
438,Panama,Soybeans,2009,2722000,0,0,0
439,Papua New Guinea,Soybeans,2009,15000,0,0,0
440,Paraguay,Soybeans,2009,1486579000,3525729.344,3,0
441,Peru,Soybeans,2009,23869000,0,0,0
442,Philippines,Soybeans,2009,27000,0,0,0
443,Poland,Soybeans,2009,38821000,0,0,0
444,Portugal,Soybeans,2009,89699000,0,0,0
445,Qatar,Soybeans,2009,31000,0,0,0
446,Romania,Soybeans,2009,55906000,0,0,0
447,Russia,Soybeans,2009,137602000,0,0,0
448,Rwanda,Soybeans,2009,2000,0,0,0
449,Saint Kitts and Nevis,Soybeans,2009,0,0,0,0
450,Saint Lucia,Soybeans,2009,0,0,0,0
451,Saint Vincent and the Grenadines,Soybeans,2009,0,0,0,0
452,Saudi Arabia,Soybeans,2009,26990000,0,0,0
453,Senegal,Soybeans,2009,21000,0,0,0
454,Serbia,Soybeans,2009,38187000,0,0,0
455,Seychelles,Soybeans,2009,738000,0,0,0
456,India,Soybeans,2009,1384670000,0,0,-11
457,Singapore,Soybeans,2009,40113000,0,0,0
458,Slovakia,Soybeans,2009,6102000,0,0,0
459,Vietnam,Soybeans,2009,3453000,0,0,0
460,Slovenia,Soybeans,2009,175897000,0,0,0
461,South Africa,Soybeans,2009,120940000,0,0,0
462,Zimbabwe,Soybeans,2009,2233000,0,0,0
463,Spain,Soybeans,2009,301720000,0,0,-13
464,Fmr Sudan,Soybeans,2009,16000,0,0,0
465,Suriname,Soybeans,2009,5118000,0,0,0
466,Swaziland,Soybeans,2009,159000,0,0,0
467,Sweden,Soybeans,2009,27261000,0,0,0
468,Switzerland,Soybeans,2009,83630000,0,0,-24
469,Syria,Soybeans,2009,48544000,0,0,0
470,Tajikistan,Soybeans,2009,4000,0,0,0
471,Thailand,Soybeans,2009,36992000,0,0,0
472,Togo,Soybeans,2009,441000,0,0,0
473,Trinidad and Tobago,Soybeans,2009,2788000,0,0,0
474,UAE,Soybeans,2009,26661000,0,0,-33
475,Tunisia,Soybeans,2009,32113000,0,0,0
476,Turkey,Soybeans,2009,6188000,0,0,0
477,Uganda,Soybeans,2009,3655000,0,0,0
478,Ukraine,Soybeans,2009,161305000,0,0,0
479,"Macedonia, FYR",Soybeans,2009,4000,0,0,0
480,Egypt,Soybeans,2009,31565000,0,0,0
481,United Kingdom,Soybeans,2009,55197000,0,0,0
482,Tanzania,Soybeans,2009,259000,0,0,0
483,Free Zones,Soybeans,2009,83000,0,0,0
484,USA,Soybeans,2009,21185427000,48733436.47,36,17
485,Burkina Faso,Soybeans,2009,232000,0,0,0
486,Uruguay,Soybeans,2009,696999000,0,0,0
487,Uzbekistan,Soybeans,2009,0,0,0,0
488,Venezuela,Soybeans,2009,21000,0,0,0
489,Yemen,Soybeans,2009,51820000,0,0,0
490,Zambia,Soybeans,2009,5258000,0,0,0
491,All Countries,Soybeans,2009,67602767000,0,0,0
492,Algeria,Soybeans,2010,454000,0,0,0
493,American Samoa,Soybeans,2010,0,0,0,0
494,Andorra,Soybeans,2010,64000,0,0,0
495,Antigua and Barbuda,Soybeans,2010,8106000,0,0,0
496,Azerbaijan,Soybeans,2010,2000,0,0,0
497,Argentina,Soybeans,2010,18483770000,41802182.94,28,0
498,Australia,Soybeans,2010,14318000,0,0,0
499,Austria,Soybeans,2010,88969000,0,0,0
500,Bahamas,Soybeans,2010,21000,0,0,0
501,Bahrain,Soybeans,2010,0,0,0,0
502,Bangladesh,Soybeans,2010,259000,0,0,0
503,Barbados,Soybeans,2010,2430000,0,0,0
504,Belgium,Soybeans,2010,351937000,0,0,0
505,Bermuda,Soybeans,2010,0,0,0,0
506,Bhutan,Soybeans,2010,301000,0,0,0
507,Bolivia,Soybeans,2010,638832000,0,0,22
508,Bosnia Herzegovina,Soybeans,2010,11813000,0,0,0
509,Botswana,Soybeans,2010,8000,0,0,0
510,Brazil,Soybeans,2010,18862778000,44772704.39,28,0
511,Bulgaria,Soybeans,2010,10445000,0,0,0
512,Myanmar,Soybeans,2010,406000,0,0,0
513,Burundi,Soybeans,2010,3000,0,0,0
514,Belarus,Soybeans,2010,277000,0,0,0
515,Cambodia,Soybeans,2010,13940000,0,0,0
516,Cameroon,Soybeans,2010,372000,0,0,0
517,Canada,Soybeans,2010,1482632000,0,0,29
518,Cabo Verde,Soybeans,2010,0,0,0,0
519,Sri Lanka,Soybeans,2010,188000,0,0,0
520,Chile,Soybeans,2010,28060000,0,0,0
521,China,Soybeans,2010,671847000,0,0,0
522,Colombia,Soybeans,2010,6651000,0,0,0
523,"Congo, Rep.",Soybeans,2010,48000,0,0,0
524,"Congo, Dem. Rep.",Soybeans,2010,303000,0,0,0
525,Costa Rica,Soybeans,2010,9507000,0,0,0
526,Croatia,Soybeans,2010,24433000,0,0,0
527,Cuba,Soybeans,2010,0,0,0,0
528,Cyprus,Soybeans,2010,42000,0,0,0
529,Czech Rep.,Soybeans,2010,5034000,0,0,0
530,Benin,Soybeans,2010,5934000,0,0,0
531,Denmark,Soybeans,2010,78756000,0,0,0
532,Dominican Rep.,Soybeans,2010,12208000,0,0,0
533,Ecuador,Soybeans,2010,12217000,0,0,0
534,El Salvador,Soybeans,2010,31000,0,0,0
535,Equatorial Guinea,Soybeans,2010,0,0,0,0
536,Ethiopia,Soybeans,2010,216000,0,0,0
537,Estonia,Soybeans,2010,13211000,0,0,0
538,Fiji,Soybeans,2010,301000,0,0,0
539,Finland,Soybeans,2010,234000,0,0,0
540,France,Soybeans,2010,113003000,0,0,0
541,Djibouti,Soybeans,2010,16000,0,0,0
542,Georgia,Soybeans,2010,5489000,0,0,0
543,State of Palestine,Soybeans,2010,142000,0,0,0
544,Germany,Soybeans,2010,865614000,0,0,0
545,Ghana,Soybeans,2010,900000,0,0,0
546,Gibraltar,Soybeans,2010,9000,0,0,0
547,Greece,Soybeans,2010,38400000,0,0,0
548,Guam,Soybeans,2010,11000,0,0,0
549,Guatemala,Soybeans,2010,11481000,0,0,0
550,Guyana,Soybeans,2010,123000,0,0,0
551,Holy See,Soybeans,2010,68000,0,0,0
552,Honduras,Soybeans,2010,491000,0,0,0
553,"China, Hong Kong SAR",Soybeans,2010,18784000,0,0,0
554,Hungary,Soybeans,2010,32119000,0,0,0
555,Indonesia,Soybeans,2010,7970000,0,0,0
556,Iran,Soybeans,2010,11840000,0,0,0
557,Ireland,Soybeans,2010,6413000,0,0,0
558,Israel,Soybeans,2010,12571000,0,0,0
559,Italy,Soybeans,2010,209311000,0,0,0
560,Cote d'Ivoire,Soybeans,2010,8000,0,0,0
561,Jamaica,Soybeans,2010,11000,0,0,0
562,Japan,Soybeans,2010,6698000,0,0,0
563,Kazakhstan,Soybeans,2010,6722000,0,0,0
564,Jordan,Soybeans,2010,620000,0,0,0
565,Kenya,Soybeans,2010,3468000,0,0,0
566,"Korea, Dem. Rep.",Soybeans,2010,31000,0,0,0
567,"Korea, Rep.",Soybeans,2010,40181000,0,0,0
568,Kuwait,Soybeans,2010,4640000,0,0,0
569,Lao PDR,Soybeans,2010,310000,0,0,0
570,Lebanon,Soybeans,2010,940000,0,0,0
571,Lesotho,Soybeans,2010,0,0,0,0
572,Latvia,Soybeans,2010,37223000,0,0,0
573,Libya,Soybeans,2010,10000,0,0,0
574,Lithuania,Soybeans,2010,18083000,0,0,0
575,Luxembourg,Soybeans,2010,2212000,0,0,0
576,"China, Macao SAR",Soybeans,2010,37000,0,0,0
577,Madagascar,Soybeans,2010,0,0,0,0
578,Malawi,Soybeans,2010,9945000,0,0,0
579,Malaysia,Soybeans,2010,208804000,0,0,0
580,Mali,Soybeans,2010,6000,0,0,0
581,Malta,Soybeans,2010,6740000,0,0,0
582,Mauritania,Soybeans,2010,816000,0,0,0
583,Mauritius,Soybeans,2010,2651000,0,0,0
584,Mexico,Soybeans,2010,10504000,0,0,0
585,"Other Asia, nes",Soybeans,2010,30750000,0,0,0
586,Moldova,Soybeans,2010,27786000,0,0,0
587,Morocco,Soybeans,2010,15253000,0,0,0
588,Mozambique,Soybeans,2010,184000,0,0,0
589,Oman,Soybeans,2010,229000,0,0,0
590,Namibia,Soybeans,2010,265000,0,0,0
591,Nepal,Soybeans,2010,1150000,0,0,0
592,Netherlands,Soybeans,2010,2493825000,5385788.396,4,12
593,Aruba,Soybeans,2010,0,0,0,0
594,New Caledonia,Soybeans,2010,1000,0,0,0
595,New Zealand,Soybeans,2010,1520000,0,0,0
596,Nicaragua,Soybeans,2010,12383000,0,0,0
597,Nigeria,Soybeans,2010,573000,0,0,0
598,"Other Europe, nes",Soybeans,2010,11503000,0,0,0
599,"Other Africa, nes",Soybeans,2010,16000,0,0,0
600,Norway,Soybeans,2010,160110000,0,0,0
601,Marshall Isds,Soybeans,2010,0,0,0,0
602,Pakistan,Soybeans,2010,118000,0,0,0
603,Panama,Soybeans,2010,353000,0,0,0
604,Papua New Guinea,Soybeans,2010,12000,0,0,0
605,Paraguay,Soybeans,2010,2202339000,5497248.178,3,0
606,Peru,Soybeans,2010,35670000,0,0,0
607,Philippines,Soybeans,2010,77000,0,0,0
608,Poland,Soybeans,2010,14455000,0,0,0
609,Portugal,Soybeans,2010,118727000,0,0,0
610,Qatar,Soybeans,2010,3000,0,0,0
611,Romania,Soybeans,2010,79798000,0,0,0
612,Russia,Soybeans,2010,176890000,0,0,0
613,Rwanda,Soybeans,2010,62000,0,0,0
614,Saint Lucia,Soybeans,2010,37000,0,0,0
615,Sao Tome and Principe,Soybeans,2010,227000,0,0,0
616,Saudi Arabia,Soybeans,2010,53302000,0,0,0
617,Senegal,Soybeans,2010,4531000,0,0,0
618,Serbia,Soybeans,2010,73371000,0,0,0
619,Seychelles,Soybeans,2010,906000,0,0,0
620,India,Soybeans,2010,1576749000,0,0,4
621,Singapore,Soybeans,2010,57504000,0,0,0
622,Slovakia,Soybeans,2010,4332000,0,0,0
623,Vietnam,Soybeans,2010,7902000,0,0,0
624,Slovenia,Soybeans,2010,212883000,0,0,0
625,South Africa,Soybeans,2010,132547000,0,0,0
626,Zimbabwe,Soybeans,2010,376000,0,0,0
627,Spain,Soybeans,2010,376916000,0,0,-13
628,Fmr Sudan,Soybeans,2010,6000,0,0,0
629,Suriname,Soybeans,2010,14000,0,0,0
630,Swaziland,Soybeans,2010,39000,0,0,0
631,Sweden,Soybeans,2010,22781000,0,0,0
632,Switzerland,Soybeans,2010,584356000,0,0,25
633,Syria,Soybeans,2010,50599000,0,0,0
634,Thailand,Soybeans,2010,28506000,0,0,0
635,Togo,Soybeans,2010,2227000,0,0,0
636,Trinidad and Tobago,Soybeans,2010,2713000,0,0,0
637,UAE,Soybeans,2010,546175000,0,0,0
638,Tunisia,Soybeans,2010,58113000,0,0,0
639,Turkey,Soybeans,2010,9267000,0,0,0
640,Uganda,Soybeans,2010,6796000,0,0,0
641,Ukraine,Soybeans,2010,207640000,0,0,0
642,"Macedonia, FYR",Soybeans,2010,1000,0,0,0
643,Egypt,Soybeans,2010,33309000,0,0,0
644,United Kingdom,Soybeans,2010,95480000,0,0,0
645,Tanzania,Soybeans,2010,941000,0,0,0
646,Free Zones,Soybeans,2010,225000,0,0,0
647,USA,Soybeans,2010,24696761000,52948873.87,37,22
648,Burkina Faso,Soybeans,2010,79000,0,0,0
649,Uruguay,Soybeans,2010,1095937000,0,0,0
650,Uzbekistan,Soybeans,2010,9000,0,0,0
651,Venezuela,Soybeans,2010,12699000,0,0,0
652,Samoa,Soybeans,2010,4052000,0,0,0
653,Zambia,Soybeans,2010,13094000,0,0,0
654,All Countries,Soybeans,2010,77894228000,0,0,0
655,Afghanistan,Soybeans,2011,0,0,0,0
656,Albania,Soybeans,2011,281000,0,0,0
657,Antarctica,Soybeans,2011,0,0,0,0
658,Algeria,Soybeans,2011,474000,0,0,0
659,American Samoa,Soybeans,2011,0,0,0,0
660,Andorra,Soybeans,2011,0,0,0,0
661,Angola,Soybeans,2011,0,0,0,0
662,Antigua and Barbuda,Soybeans,2011,5113000,0,0,0
663,Argentina,Soybeans,2011,21048330000,39614093.49,28,0
664,Australia,Soybeans,2011,19532000,0,0,0
665,Austria,Soybeans,2011,85536000,0,0,0
666,Bahamas,Soybeans,2011,1000,0,0,0
667,Bahrain,Soybeans,2011,0,0,0,0
668,Bangladesh,Soybeans,2011,0,0,0,0
669,Barbados,Soybeans,2011,3214000,0,0,0
670,Belgium,Soybeans,2011,449439000,0,0,0
671,Bermuda,Soybeans,2011,1057000,0,0,0
672,Bhutan,Soybeans,2011,510000,0,0,0
673,Bolivia,Soybeans,2011,753243000,0,0,0
674,Bosnia Herzegovina,Soybeans,2011,15112000,0,0,0
675,Botswana,Soybeans,2011,2000,0,0,0
676,Brazil,Soybeans,2011,25429732000,48426850.05,33,0
677,Belize,Soybeans,2011,413000,0,0,0
678,British Virgin Isds,Soybeans,2011,68000,0,0,0
679,Bulgaria,Soybeans,2011,12231000,0,0,0
680,Myanmar,Soybeans,2011,1382000,0,0,0
681,Burundi,Soybeans,2011,4000,0,0,0
682,Belarus,Soybeans,2011,4521000,0,0,0
683,Cambodia,Soybeans,2011,2614000,0,0,0
684,Cameroon,Soybeans,2011,1000,0,0,0
685,Canada,Soybeans,2011,1738414000,0,0,12
686,Cabo Verde,Soybeans,2011,0,0,0,0
687,Central African Rep.,Soybeans,2011,47000,0,0,0
688,Sri Lanka,Soybeans,2011,236000,0,0,0
689,Chile,Soybeans,2011,22996000,0,0,0
690,China,Soybeans,2011,481631000,0,0,0
691,Colombia,Soybeans,2011,12448000,0,0,0
692,"Congo, Rep.",Soybeans,2011,55000,0,0,0
693,"Congo, Dem. Rep.",Soybeans,2011,152000,0,0,0
694,Costa Rica,Soybeans,2011,10446000,0,0,0
695,Croatia,Soybeans,2011,36282000,0,0,0
696,Cyprus,Soybeans,2011,875000,0,0,0
697,Czech Rep.,Soybeans,2011,7440000,0,0,0
698,Benin,Soybeans,2011,1763000,0,0,0
699,Denmark,Soybeans,2011,125957000,0,0,0
700,Dominican Rep.,Soybeans,2011,19331000,0,0,0
701,Ecuador,Soybeans,2011,6212000,0,0,0
702,El Salvador,Soybeans,2011,78000,0,0,0
703,Ethiopia,Soybeans,2011,551000,0,0,0
704,Estonia,Soybeans,2011,15592000,0,0,0
705,Fiji,Soybeans,2011,328000,0,0,0
706,Finland,Soybeans,2011,352000,0,0,0
707,France,Soybeans,2011,220807000,0,0,0
708,Georgia,Soybeans,2011,2176000,0,0,0
709,Gambia,Soybeans,2011,97000,0,0,0
710,State of Palestine,Soybeans,2011,450000,0,0,0
711,Germany,Soybeans,2011,1199749000,0,0,0
712,Ghana,Soybeans,2011,466000,0,0,0
713,Greece,Soybeans,2011,17898000,0,0,0
714,Guam,Soybeans,2011,60000,0,0,0
715,Guatemala,Soybeans,2011,17493000,0,0,0
716,Guyana,Soybeans,2011,62000,0,0,0
717,Honduras,Soybeans,2011,1000,0,0,0
718,"China, Hong Kong SAR",Soybeans,2011,9033000,0,0,0
719,Hungary,Soybeans,2011,35873000,0,0,0
720,Iceland,Soybeans,2011,0,0,0,0
721,Indonesia,Soybeans,2011,22717000,0,0,0
722,Iran,Soybeans,2011,13929000,0,0,0
723,Ireland,Soybeans,2011,13260000,0,0,0
724,Israel,Soybeans,2011,7931000,0,0,0
725,Italy,Soybeans,2011,210895000,0,0,0
726,Cote d'Ivoire,Soybeans,2011,53000,0,0,0
727,Jamaica,Soybeans,2011,6000,0,0,0
728,Japan,Soybeans,2011,7279000,0,0,0
729,Kazakhstan,Soybeans,2011,17883000,0,0,0
730,Jordan,Soybeans,2011,3308000,0,0,0
731,Kenya,Soybeans,2011,3424000,0,0,0
732,"Korea, Dem. Rep.",Soybeans,2011,30000,0,0,0
733,"Korea, Rep.",Soybeans,2011,68696000,0,0,0
734,Kuwait,Soybeans,2011,5205000,0,0,0
735,Lao PDR,Soybeans,2011,251000,0,0,0
736,Lebanon,Soybeans,2011,846000,0,0,0
737,Lesotho,Soybeans,2011,0,0,0,0
738,Latvia,Soybeans,2011,29397000,0,0,0
739,Libya,Soybeans,2011,15000,0,0,0
740,Lithuania,Soybeans,2011,17418000,0,0,0
741,Luxembourg,Soybeans,2011,3700000,0,0,0
742,"China, Macao SAR",Soybeans,2011,5000,0,0,0
743,Malawi,Soybeans,2011,5200000,0,0,0
744,Malaysia,Soybeans,2011,313616000,0,0,0
745,Mali,Soybeans,2011,42000,0,0,0
746,Malta,Soybeans,2011,34000,0,0,0
747,Mauritania,Soybeans,2011,284000,0,0,0
748,Mauritius,Soybeans,2011,4348000,0,0,0
749,Mexico,Soybeans,2011,9795000,0,0,0
750,"Other Asia, nes",Soybeans,2011,38654000,0,0,0
751,Mongolia,Soybeans,2011,0,0,0,0
752,Moldova,Soybeans,2011,46845000,0,0,0
753,Morocco,Soybeans,2011,24928000,0,0,0
754,Mozambique,Soybeans,2011,1813000,0,0,0
755,Oman,Soybeans,2011,97000,0,0,0
756,Namibia,Soybeans,2011,965000,0,0,0
757,Nepal,Soybeans,2011,139000,0,0,0
758,Netherlands,Soybeans,2011,2538456000,4840159.072,3,15
759,Curacao,Soybeans,2011,0,0,0,0
760,Aruba,Soybeans,2011,50659000,0,0,0
761,New Zealand,Soybeans,2011,7213000,0,0,0
762,Nicaragua,Soybeans,2011,31230000,0,0,0
763,Niger,Soybeans,2011,1000,0,0,0
764,Nigeria,Soybeans,2011,66000,0,0,0
765,"Other Europe, nes",Soybeans,2011,9083000,0,0,0
766,Norway,Soybeans,2011,172187000,0,0,0
767,United States Minor Outlying Isds,Soybeans,2011,0,0,0,0
768,Pakistan,Soybeans,2011,1627000,0,0,0
769,Panama,Soybeans,2011,886000,0,0,0
770,Papua New Guinea,Soybeans,2011,1027000,0,0,0
771,Paraguay,Soybeans,2011,3042750000,6030150.3,4,0
772,Peru,Soybeans,2011,479000,0,0,0
773,Philippines,Soybeans,2011,663000,0,0,0
774,Poland,Soybeans,2011,31481000,0,0,0
775,Portugal,Soybeans,2011,159673000,0,0,0
776,Qatar,Soybeans,2011,1000,0,0,0
777,Romania,Soybeans,2011,112140000,0,0,0
778,Russia,Soybeans,2011,204468000,0,0,0
779,Rwanda,Soybeans,2011,1000,0,0,0
780,Anguilla,Soybeans,2011,0,0,0,0
781,Saint Lucia,Soybeans,2011,5000,0,0,0
782,Saudi Arabia,Soybeans,2011,121607000,0,0,0
783,Senegal,Soybeans,2011,6888000,0,0,0
784,Serbia,Soybeans,2011,104437000,0,0,0
785,Seychelles,Soybeans,2011,5000,0,0,0
786,India,Soybeans,2011,2386935000,0,0,9
787,Singapore,Soybeans,2011,36716000,0,0,0
788,Slovakia,Soybeans,2011,10011000,0,0,0
789,Vietnam,Soybeans,2011,84397000,0,0,0
790,Slovenia,Soybeans,2011,274749000,0,0,0
791,South Africa,Soybeans,2011,142908000,0,0,0
792,Zimbabwe,Soybeans,2011,285000,0,0,0
793,Spain,Soybeans,2011,621423000,0,0,41
794,Fmr Sudan,Soybeans,2011,103000,0,0,0
795,Suriname,Soybeans,2011,6450000,0,0,0
796,Sweden,Soybeans,2011,29615000,0,0,0
797,Switzerland,Soybeans,2011,672340000,0,0,64
798,Syria,Soybeans,2011,10970000,0,0,0
799,Tajikistan,Soybeans,2011,0,0,0,0
800,Thailand,Soybeans,2011,56251000,0,0,0
801,Togo,Soybeans,2011,735000,0,0,0
802,Trinidad and Tobago,Soybeans,2011,2766000,0,0,0
803,UAE,Soybeans,2011,1098101000,0,0,59
804,Tunisia,Soybeans,2011,105309000,0,0,0
805,Turkey,Soybeans,2011,13236000,0,0,0
806,Uganda,Soybeans,2011,8415000,0,0,0
807,Ukraine,Soybeans,2011,590990000,0,0,51
808,"Macedonia, FYR",Soybeans,2011,12000,0,0,0
809,Egypt,Soybeans,2011,64894000,0,0,0
810,United Kingdom,Soybeans,2011,100593000,0,0,0
811,Tanzania,Soybeans,2011,114065000,0,0,0
812,Bunkers,Soybeans,2011,30137000,0,0,0
813,Free Zones,Soybeans,2011,5970000,0,0,0
814,USA,Soybeans,2011,24249165000,44713582.59,31,0
815,Burkina Faso,Soybeans,2011,337000,0,0,0
816,Uruguay,Soybeans,2011,1226662000,0,0,0
817,Venezuela,Soybeans,2011,41000,0,0,0
818,Zambia,Soybeans,2011,3630000,0,0,0
819,All Countries,Soybeans,2011,91236418000,0,0,0
820,Afghanistan,Soybeans,2012,0,0,0,0
821,Albania,Soybeans,2012,328000,0,0,0
822,Algeria,Soybeans,2012,516000,0,0,0
823,Antigua and Barbuda,Soybeans,2012,1176000,0,0,0
824,Argentina,Soybeans,2012,19882987000,1235,24,0
825,Australia,Soybeans,2012,24695000,0,0,0
826,Austria,Soybeans,2012,91442000,0,0,0
827,Bahamas,Soybeans,2012,5000,0,0,0
828,Bahrain,Soybeans,2012,27000,0,0,0
829,Bangladesh,Soybeans,2012,6000,0,0,0
830,Armenia,Soybeans,2012,18000,0,0,0
831,Barbados,Soybeans,2012,3204000,0,0,0
832,Belgium,Soybeans,2012,414656000,0,0,-6
833,Bhutan,Soybeans,2012,175000,0,0,0
834,Bolivia,Soybeans,2012,1050250000,0,0,33
835,Bosnia Herzegovina,Soybeans,2012,10350000,0,0,0
836,Botswana,Soybeans,2012,0,0,0,0
837,Brazil,Soybeans,2012,28688454000,50432327.2,34,0
838,Belize,Soybeans,2012,1363000,0,0,0
839,Bulgaria,Soybeans,2012,4533000,0,0,0
840,Myanmar,Soybeans,2012,706000,0,0,0
841,Burundi,Soybeans,2012,5000,0,0,0
842,Belarus,Soybeans,2012,15283000,0,0,0
843,Cambodia,Soybeans,2012,13004000,0,0,0
844,Cameroon,Soybeans,2012,22000,0,0,0
845,Canada,Soybeans,2012,2328052000,1,12,24
846,Cabo Verde,Soybeans,2012,1000,0,0,0
847,Sri Lanka,Soybeans,2012,888000,0,0,0
848,Chile,Soybeans,2012,15766000,0,0,0
849,China,Soybeans,2012,1114240000,0,0,0
850,Christmas Isds,Soybeans,2012,0,0,0,0
851,Colombia,Soybeans,2012,15078000,0,0,0
852,Congo,,,0,0,0,0
853,Congo,,,0,0,0,0
854,Costa Rica,Soybeans,2012,10918000,0,0,0
855,Croatia,Soybeans,2012,36887000,0,0,0
856,Cuba,Soybeans,2012,0,0,0,0
857,Cyprus,Soybeans,2012,88000,0,0,0
858,Czech Rep.,Soybeans,2012,15773000,0,0,0
859,Benin,Soybeans,2012,1509000,0,0,0
860,Denmark,Soybeans,2012,97906000,0,0,0
861,Dominican Rep.,Soybeans,2012,12087000,0,0,0
862,Ecuador,Soybeans,2012,1077000,0,0,0
863,El Salvador,Soybeans,2012,201000,0,0,0
864,Ethiopia,Soybeans,2012,3457000,0,0,0
865,Estonia,Soybeans,2012,7925000,0,0,0
866,Fiji,Soybeans,2012,334000,0,0,0
867,Finland,Soybeans,2012,539000,0,0,0
868,France,Soybeans,2012,162320000,0,0,0
869,Georgia,Soybeans,2012,5232000,0,0,0
870,Gambia,Soybeans,2012,1205000,0,0,0
871,State of Palestine,Soybeans,2012,2183000,0,0,0
872,Germany,Soybeans,2012,1327619000,0,0,0
873,Ghana,Soybeans,2012,998000,0,0,0
874,Greece,Soybeans,2012,23802000,0,0,0
875,Guam,Soybeans,2012,94000,0,0,0
876,Guatemala,Soybeans,2012,17574000,0,0,0
877,Guyana,Soybeans,2012,25000,0,0,0
878,Honduras,Soybeans,2012,283000,0,0,0
879,China,,,0,0,0,0
880,Hungary,Soybeans,2012,48762000,0,0,0
881,Iceland,Soybeans,2012,2000,0,0,0
882,Indonesia,Soybeans,2012,27111000,0,0,0
883,Iran,Soybeans,2012,6906000,0,0,0
884,Ireland,Soybeans,2012,9348000,0,0,0
885,Israel,Soybeans,2012,6570000,0,0,0
886,Italy,Soybeans,2012,213166000,0,0,0
887,Cote d'Ivoire,Soybeans,2012,980000,0,0,0
888,Jamaica,Soybeans,2012,243000,0,0,0
889,Japan,Soybeans,2012,11987000,0,0,0
890,Kazakhstan,Soybeans,2012,51892000,0,0,0
891,Jordan,Soybeans,2012,2107000,0,0,0
892,Kenya,Soybeans,2012,3485000,0,0,0
893,Korea,,,0,0,0,0
894,Korea,,,0,0,0,0
895,Kuwait,Soybeans,2012,2997000,0,0,0
896,Lao PDR,Soybeans,2012,267000,0,0,0
897,Lebanon,Soybeans,2012,496000,0,0,0
898,Lesotho,Soybeans,2012,0,0,0,0
899,Latvia,Soybeans,2012,15696000,0,0,0
900,Lithuania,Soybeans,2012,51230000,0,0,0
901,Luxembourg,Soybeans,2012,3389000,0,0,0
902,Malawi,Soybeans,2012,3285000,0,0,0
903,Malaysia,Soybeans,2012,305301000,0,0,0
904,Malta,Soybeans,2012,727000,0,0,0
905,Mauritania,Soybeans,2012,167000,0,0,0
906,Mauritius,Soybeans,2012,16164000,0,0,0
907,Mexico,Soybeans,2012,16022000,0,0,0
908,Other Asia,,,0,0,0,0
909,Moldova,Soybeans,2012,46077000,0,0,0
910,Montenegro,Soybeans,2012,105000,0,0,0
911,Morocco,Soybeans,2012,14629000,0,0,0
912,Mozambique,Soybeans,2012,272000,0,0,0
913,Oman,Soybeans,2012,368000,0,0,0
914,Namibia,Soybeans,2012,108000,0,0,0
915,Nepal,Soybeans,2012,24000,0,0,0
916,Netherlands,Soybeans,2012,2705170000,4537152.246,3,17
917,Curacao,Soybeans,2012,49000,0,0,0
918,Aruba,Soybeans,2012,22417000,0,0,0
919,New Zealand,Soybeans,2012,1494000,0,0,0
920,Nicaragua,Soybeans,2012,38081000,0,0,0
921,Niger,Soybeans,2012,0,0,0,0
922,Nigeria,Soybeans,2012,188000,0,0,0
923,Other Europe,,,0,0,0,0
924,Other Africa,,,0,0,0,0
925,Norway,Soybeans,2012,198262000,0,0,0
926,Palau,Soybeans,2012,0,0,0,0
927,Pakistan,Soybeans,2012,239000,0,0,0
928,Panama,Soybeans,2012,4339000,0,0,0
929,Paraguay,Soybeans,2012,2098160000,0,0,0
930,Peru,Soybeans,2012,68254000,0,0,0
931,Philippines,Soybeans,2012,7903000,0,0,0
932,Poland,Soybeans,2012,42605000,0,0,0
933,Portugal,Soybeans,2012,117077000,0,0,0
934,Qatar,Soybeans,2012,1557000,0,0,0
935,Romania,Soybeans,2012,125116000,0,0,0
936,Russia,Soybeans,2012,257415000,0,0,0
937,Rwanda,Soybeans,2012,4000,0,0,0
938,Saint Vincent and the Grenadines,Soybeans,2012,0,0,0,0
939,Saudi Arabia,Soybeans,2012,104426000,0,0,0
940,Senegal,Soybeans,2012,1816000,0,0,0
941,Serbia,Soybeans,2012,120985000,0,0,0
942,India,Soybeans,2012,2134469000,0,0,-3
943,Singapore,Soybeans,2012,49808000,0,0,0
944,Slovakia,Soybeans,2012,25636000,0,0,0
945,Vietnam,Soybeans,2012,120076000,0,0,0
946,Slovenia,Soybeans,2012,410927000,0,0,0
947,South Africa,Soybeans,2012,231121000,0,0,0
948,Zimbabwe,Soybeans,2012,2180000,0,0,0
949,Spain,Soybeans,2012,1003469000,0,0,35
950,Sudan,Soybeans,2012,37000,0,0,0
951,Suriname,Soybeans,2012,1579000,0,0,0
952,Swaziland,Soybeans,2012,1000,0,0,0
953,Sweden,Soybeans,2012,36169000,0,0,0
954,Switzerland,Soybeans,2012,112178000,0,0,-12
955,Syria,Soybeans,2012,337000,0,0,0
956,Thailand,Soybeans,2012,73371000,0,0,0
957,Togo,Soybeans,2012,2660000,0,0,0
958,Tonga,Soybeans,2012,0,0,0,0
959,Trinidad and Tobago,Soybeans,2012,2324000,0,0,0
960,UAE,Soybeans,2012,78216000,0,0,0
961,Tunisia,Soybeans,2012,20195000,0,0,0
962,Turkey,Soybeans,2012,22746000,0,0,0
963,Uganda,Soybeans,2012,5786000,0,0,0
964,Ukraine,Soybeans,2012,838435000,0,0,48
965,Macedonia,,,0,0,0,0
966,Egypt,Soybeans,2012,70772000,0,0,0
967,United Kingdom,Soybeans,2012,83065000,0,0,0
968,Tanzania,Soybeans,2012,1583000,0,0,0
969,Free Zones,Soybeans,2012,1672000,0,0,0
970,USA,Soybeans,2012,30095311000,51739523.82,74,0
971,Burkina Faso,Soybeans,2012,0,0,0,0
972,Uruguay,Soybeans,2012,2121649000,0,0,0
973,Venezuela,Soybeans,2012,178000,0,0,0
974,Yemen,Soybeans,2012,0,0,0,0
975,Zambia,Soybeans,2012,11490000,0,0,0
976,All Countries,,2012,99740152000,0,0,0
977,Albania,Soybeans,2013,537000,0,0,0
978,Algeria,Soybeans,2013,19000,0,0,0
979,American Samoa,Soybeans,2013,0,0,0,0
980,Andorra,Soybeans,2013,695000,0,0,0
981,Antigua and Barbuda,Soybeans,2013,6318000,0,0,0
982,Argentina,Soybeans,2013,20996535000,34671094.57,23,0
983,Australia,Soybeans,2013,14015000,0,0,0
984,Austria,Soybeans,2013,100248000,0,0,0
985,Bahamas,Soybeans,2013,0,0,0,0
986,Bahrain,Soybeans,2013,12000,0,0,0
987,Bangladesh,Soybeans,2013,1000,0,0,0
988,Barbados,Soybeans,2013,2756000,0,0,0
989,Belgium,Soybeans,2013,440355000,0,0,-4
990,Bolivia,Soybeans,2013,1429260000,0,0,17
991,Bosnia Herzegovina,Soybeans,2013,12363000,0,0,0
992,Botswana,Soybeans,2013,0,0,0,0
993,Brazil,Soybeans,2013,32796637000,57281183.7,75,0
994,Belize,Soybeans,2013,4213000,0,0,0
995,Bulgaria,Soybeans,2013,10086000,0,0,0
996,Myanmar,Soybeans,2013,130000,0,0,0
997,Burundi,Soybeans,2013,0,0,0,0
998,Belarus,Soybeans,2013,30112000,0,0,0
999,Cambodia,Soybeans,2013,9320000,0,0,0
1000,Cameroon,Soybeans,2013,18000,0,0,0
1001,Canada,Soybeans,2013,2363223000,0,0,19
1002,Cabo Verde,Soybeans,2013,1000,0,0,0
1003,Sri Lanka,Soybeans,2013,578000,0,0,0
1004,Chile,Soybeans,2013,15292000,0,0,0
1005,China,Soybeans,2013,1035691000,0,0,0
1006,Colombia,Soybeans,2013,9100000,0,0,0
1007,Comoros,Soybeans,2013,0,0,0,0
1008,Congo,,,0,0,0,0
1009,Congo,,,0,0,0,0
1010,Costa Rica,Soybeans,2013,11222000,0,0,0
1011,Croatia,Soybeans,2013,34203000,0,0,0
1012,Cyprus,Soybeans,2013,423000,0,0,0
1013,Czech Rep.,Soybeans,2013,18709000,0,0,0
1014,Benin,Soybeans,2013,6441000,0,0,0
1015,Denmark,Soybeans,2013,139972000,0,0,0
1016,Dominican Rep.,Soybeans,2013,3332000,0,0,0
1017,Ecuador,Soybeans,2013,181000,0,0,0
1018,El Salvador,Soybeans,2013,1327000,0,0,0
1019,Equatorial Guinea,Soybeans,2013,0,0,0,0
1020,Ethiopia,Soybeans,2013,21780000,0,0,0
1021,Estonia,Soybeans,2013,8846000,0,0,0
1022,Faeroe Isds,Soybeans,2013,393000,0,0,0
1023,Fiji,Soybeans,2013,312000,0,0,0
1024,Finland,Soybeans,2013,1387000,0,0,0
1025,France,Soybeans,2013,132351000,0,0,0
1026,Djibouti,Soybeans,2013,123000,0,0,0
1027,Georgia,Soybeans,2013,5548000,0,0,0
1028,Gambia,Soybeans,2013,0,0,0,0
1029,State of Palestine,Soybeans,2013,1171000,0,0,0
1030,Germany,Soybeans,2013,1180116000,0,0,0
1031,Ghana,Soybeans,2013,161000,0,0,0
1032,Greece,Soybeans,2013,33509000,0,0,0
1033,Guam,Soybeans,2013,30000,0,0,0
1034,Guatemala,Soybeans,2013,21644000,0,0,0
1035,Guinea,Soybeans,2013,0,0,0,0
1036,Guyana,Soybeans,2013,0,0,0,0
1037,Haiti,Soybeans,2013,0,0,0,0
1038,Holy See,Soybeans,2013,0,0,0,0
1039,Honduras,Soybeans,2013,828000,0,0,0
1040,China,,,0,0,0,0
1041,Hungary,Soybeans,2013,69941000,0,0,0
1042,Indonesia,Soybeans,2013,47558000,0,0,0
1043,Iran,Soybeans,2013,166000,0,0,0
1044,Ireland,Soybeans,2013,13861000,0,0,0
1045,Israel,Soybeans,2013,6638000,0,0,0
1046,Italy,Soybeans,2013,307778000,0,0,0
1047,Cote d'Ivoire,Soybeans,2013,66000,0,0,0
1048,Jamaica,Soybeans,2013,72000,0,0,0
1049,Japan,Soybeans,2013,3258000,0,0,0
1050,Kazakhstan,Soybeans,2013,49986000,0,0,0
1051,Jordan,Soybeans,2013,380000,0,0,0
1052,Kenya,Soybeans,2013,1553000,0,0,0
1053,Korea,,,0,0,0,0
1054,Korea,,,0,0,0,0
1055,Kuwait,Soybeans,2013,4608000,0,0,0
1056,Kyrgyzstan,Soybeans,2013,72000,0,0,0
1057,Lao PDR,Soybeans,2013,154000,0,0,0
1058,Lebanon,Soybeans,2013,785000,0,0,0
1059,Latvia,Soybeans,2013,22491000,0,0,0
1060,Libya,Soybeans,2013,30000,0,0,0
1061,Lithuania,Soybeans,2013,48003000,0,0,0
1062,Luxembourg,Soybeans,2013,4265000,0,0,0
1063,China,,,0,0,0,0
1064,Madagascar,Soybeans,2013,47000,0,0,0
1065,Malawi,Soybeans,2013,7593000,0,0,0
1066,Malaysia,Soybeans,2013,213302000,0,0,0
1067,Mali,Soybeans,2013,152000,0,0,0
1068,Malta,Soybeans,2013,189000,0,0,0
1069,Mauritania,Soybeans,2013,135000,0,0,0
1070,Mauritius,Soybeans,2013,5848000,0,0,0
1071,Mexico,Soybeans,2013,18124000,0,0,0
1072,Other Asia,,,0,0,0,0
1073,Mongolia,Soybeans,2013,50000,0,0,0
1074,Moldova,Soybeans,2013,11974000,0,0,0
1075,Montenegro,Soybeans,2013,0,0,0,0
1076,Morocco,Soybeans,2013,16171000,0,0,0
1077,Mozambique,Soybeans,2013,869000,0,0,0
1078,Oman,Soybeans,2013,9000,0,0,0
1079,Namibia,Soybeans,2013,403000,0,0,0
1080,Nepal,Soybeans,2013,157000,0,0,0
1081,Netherlands,Soybeans,2013,2900638000,0,0,14
1082,Curacao,Soybeans,2013,63000,0,0,0
1083,Aruba,Soybeans,2013,0,0,0,0
1084,New Zealand,Soybeans,2013,826000,0,0,0
1085,Nicaragua,Soybeans,2013,57749000,0,0,0
1086,Nigeria,Soybeans,2013,1462000,0,0,0
1087,Other Europe,,,0,0,0,0
1088,Norway,Soybeans,2013,167145000,0,0,0
1089,Pakistan,Soybeans,2013,2495000,0,0,0
1090,Panama,Soybeans,2013,1005000,0,0,0
1091,Paraguay,Soybeans,2013,3847567000,6969056.322,15,0
1092,Peru,Soybeans,2013,627000,0,0,0
1093,Philippines,Soybeans,2013,26231000,0,0,0
1094,Poland,Soybeans,2013,48397000,0,0,0
1095,Portugal,Soybeans,2013,141695000,0,0,0
1096,Qatar,Soybeans,2013,3000,0,0,0
1097,Romania,Soybeans,2013,125673000,0,0,0
1098,Russia,Soybeans,2013,375988000,0,0,0
1099,Rwanda,Soybeans,2013,11000,0,0,0
1100,Saint Lucia,Soybeans,2013,550000,0,0,0
1101,Saudi Arabia,Soybeans,2013,96525000,0,0,0
1102,Senegal,Soybeans,2013,605000,0,0,0
1103,Serbia,Soybeans,2013,67491000,0,0,0
1104,India,Soybeans,2013,3069356000,5246316.641,12,5
1105,Singapore,Soybeans,2013,28056000,0,0,0
1106,Slovakia,Soybeans,2013,31862000,0,0,0
1107,Vietnam,Soybeans,2013,105741000,0,0,0
1108,Slovenia,Soybeans,2013,196355000,0,0,0
1109,South Africa,Soybeans,2013,116152000,0,0,0
1110,Zimbabwe,Soybeans,2013,1671000,0,0,0
1111,Spain,Soybeans,2013,929901000,0,0,11
1112,Sudan,Soybeans,2013,0,0,0,0
1113,Suriname,Soybeans,2013,592000,0,0,0
1114,Swaziland,Soybeans,2013,9827000,0,0,0
1115,Sweden,Soybeans,2013,33303000,0,0,0
1116,Switzerland,Soybeans,2013,82422000,0,0,-15
1117,Syria,Soybeans,2013,28000,0,0,0
1118,Thailand,Soybeans,2013,74958000,0,0,0
1119,Togo,Soybeans,2013,5189000,0,0,0
1120,Trinidad and Tobago,Soybeans,2013,3465000,0,0,0
1121,UAE,Soybeans,2013,112215000,0,0,0
1122,Tunisia,Soybeans,2013,14779000,0,0,0
1123,Turkey,Soybeans,2013,31124000,0,0,0
1124,Uganda,Soybeans,2013,11656000,0,0,0
1125,Ukraine,Soybeans,2013,867493000,0,0,47
1126,Macedonia,,,0,0,0,0
1127,Egypt,Soybeans,2013,48736000,0,0,0
1128,United Kingdom,Soybeans,2013,89231000,0,0,0
1129,Tanzania,Soybeans,2013,3841000,0,0,0
1130,USA,Soybeans,2013,28391171000,48967525.5,70,0
1131,Burkina Faso,Soybeans,2013,59000,0,0,0
1132,Uruguay,Soybeans,2013,2506559000,0,0,0
1133,Venezuela,Soybeans,2013,771000,0,0,0
1134,Samoa,Soybeans,2013,0,0,0,0
1135,Yemen,Soybeans,2013,0,0,0,0
1136,Zambia,Soybeans,2013,40169000,0,0,0
1137,All Countries,,2013,1.06E+11,0,0,0
1138,Albania,Soybeans,2014,449000,0,0,0
1139,Algeria,Soybeans,2014,0,0,0,0
1140,American Samoa,Soybeans,2014,0,0,0,0
1141,Andorra,Soybeans,2014,547000,0,0,0
1142,Angola,Soybeans,2014,12000,0,0,0
1143,Antigua and Barbuda,Soybeans,2014,183000,0,0,0
1144,Azerbaijan,Soybeans,2014,972000,0,0,0
1145,Argentina,Soybeans,2014,21055150000,37112933.93,30,0
1146,Australia,Soybeans,2014,17571000,0,0,0
1147,Austria,Soybeans,2014,108415000,0,0,0
1148,Bahrain,Soybeans,2014,2000,0,0,0
1149,Bangladesh,Soybeans,2014,120000,0,0,0
1150,Armenia,Soybeans,2014,134000,0,0,0
1151,Barbados,Soybeans,2014,2564000,0,0,0
1152,Belgium,Soybeans,2014,367386000,0,0,-3
1153,Bhutan,Soybeans,2014,32000,0,0,0
1154,Bolivia,Soybeans,2014,1193060000,0,0,0
1155,Bosnia Herzegovina,Soybeans,2014,5691000,0,0,0
1156,Botswana,Soybeans,2014,30000,0,0,0
1157,Brazil,Soybeans,2014,33930142000,61164464.17,73,0
1158,Belize,Soybeans,2014,8426000,0,0,0
1159,British Virgin Isds,Soybeans,2014,776000,0,0,0
1160,Brunei Darussalam,Soybeans,2014,37000,0,0,0
1161,Bulgaria,Soybeans,2014,13143000,0,0,0
1162,Myanmar,Soybeans,2014,3169000,0,0,0
1163,Burundi,Soybeans,2014,0,0,0,0
1164,Belarus,Soybeans,2014,47359000,0,0,0
1165,Cambodia,Soybeans,2014,23396000,0,0,0
1166,Cameroon,Soybeans,2014,76000,0,0,0
1167,Canada,Soybeans,2014,2058996000,0,0,-12
1168,Cabo Verde,Soybeans,2014,0,0,0,0
1169,Sri Lanka,Soybeans,2014,1059000,0,0,0
1170,Chile,Soybeans,2014,7740000,0,0,0
1171,China,Soybeans,2014,1579927000,0,0,0
1172,Colombia,Soybeans,2014,1365000,0,0,0
1173,Congo,,,0,0,0,0
1174,Costa Rica,Soybeans,2014,9867000,0,0,0
1175,Croatia,Soybeans,2014,59110000,0,0,0
1176,Cyprus,Soybeans,2014,2940000,0,0,0
1177,Czech Rep.,Soybeans,2014,15059000,0,0,0
1178,Benin,Soybeans,2014,4791000,0,0,0
1179,Denmark,Soybeans,2014,88524000,0,0,0
1180,Dominican Rep.,Soybeans,2014,5480000,0,0,0
1181,Ecuador,Soybeans,2014,222000,0,0,0
1182,El Salvador,Soybeans,2014,2862000,0,0,0
1183,Ethiopia,Soybeans,2014,21645000,0,0,0
1184,Estonia,Soybeans,2014,6947000,0,0,0
1185,Fiji,Soybeans,2014,266000,0,0,0
1186,Finland,Soybeans,2014,15874000,0,0,0
1187,France,Soybeans,2014,114802000,0,0,0
1188,Djibouti,Soybeans,2014,486000,0,0,0
1189,Georgia,Soybeans,2014,6461000,0,0,0
1190,Gambia,Soybeans,2014,35000,0,0,0
1191,State of Palestine,Soybeans,2014,643000,0,0,0
1192,Germany,Soybeans,2014,1212159000,0,0,0
1193,Ghana,Soybeans,2014,270000,0,0,0
1194,Greece,Soybeans,2014,26299000,0,0,0
1195,Guam,Soybeans,2014,11000,0,0,0
1196,Guatemala,Soybeans,2014,7543000,0,0,0
1197,Guyana,Soybeans,2014,11000,0,0,0
1198,Honduras,Soybeans,2014,401000,0,0,0
1199,China,,,0,0,0,0
1200,Hungary,Soybeans,2014,66993000,0,0,0
1201,Iceland,Soybeans,2014,34000,0,0,0
1202,Indonesia,Soybeans,2014,41119000,0,0,0
1203,Iran,Soybeans,2014,97000,0,0,0
1204,Ireland,Soybeans,2014,12488000,0,0,0
1205,Israel,Soybeans,2014,11821000,0,0,0
1206,Italy,Soybeans,2014,232347000,0,0,0
1207,Cote d'Ivoire,Soybeans,2014,170000,0,0,0
1208,Jamaica,Soybeans,2014,10000,0,0,0
1209,Japan,Soybeans,2014,6323000,0,0,0
1210,Kazakhstan,Soybeans,2014,51987000,0,0,0
1211,Jordan,Soybeans,2014,476000,0,0,0
1212,Kenya,Soybeans,2014,1139000,0,0,0
1213,Korea,,,0,0,0,0
1214,Korea,,,0,0,0,0
1215,Kuwait,Soybeans,2014,6330000,0,0,0
1216,Lao PDR,Soybeans,2014,28000,0,0,0
1217,Lebanon,Soybeans,2014,435000,0,0,0
1218,Latvia,Soybeans,2014,154454000,0,0,0
1219,Libya,Soybeans,2014,14000,0,0,0
1220,Lithuania,Soybeans,2014,31018000,0,0,0
1221,Luxembourg,Soybeans,2014,22032000,0,0,0
1222,China,,,0,0,0,0
1223,Madagascar,Soybeans,2014,6000,0,0,0
1224,Malawi,Soybeans,2014,19403000,0,0,0
1225,Malaysia,Soybeans,2014,204262000,0,0,0
1226,Mali,Soybeans,2014,22000,0,0,0
1227,Malta,Soybeans,2014,8000,0,0,0
1228,Mauritania,Soybeans,2014,267000,0,0,0
1229,Mauritius,Soybeans,2014,6598000,0,0,0
1230,Mexico,Soybeans,2014,17461000,0,0,0
1231,Other Asia,,,0,0,0,0
1232,Moldova,Soybeans,2014,21751000,0,0,0
1233,Morocco,Soybeans,2014,19285000,0,0,0
1234,Mozambique,Soybeans,2014,6357000,0,0,0
1235,Oman,Soybeans,2014,156000,0,0,0
1236,Namibia,Soybeans,2014,22000,0,0,0
1237,Nepal,Soybeans,2014,146000,0,0,0
1238,Netherlands,Soybeans,2014,2575760000,4305219.217,20,18
1239,Curacao,Soybeans,2014,32000,0,0,0
1240,Aruba,Soybeans,2014,0,0,0,0
1241,New Zealand,Soybeans,2014,578000,0,0,0
1242,Nicaragua,Soybeans,2014,58339000,0,0,0
1243,Nigeria,Soybeans,2014,120000,0,0,0
1244,Other Europe,,,0,0,0,0
1245,Norway,Soybeans,2014,156763000,0,0,0
1246,Pakistan,Soybeans,2014,54000,0,0,0
1247,Panama,Soybeans,2014,83000,0,0,0
1248,Paraguay,Soybeans,2014,4113695000,425415685.2,23,23
1249,Peru,Soybeans,2014,5297000,0,0,0
1250,Philippines,Soybeans,2014,37253000,0,0,0
1251,Poland,Soybeans,2014,58055000,0,0,0
1252,Portugal,Soybeans,2014,99281000,0,0,0
1253,Romania,Soybeans,2014,124699000,0,0,0
1254,Russia,Soybeans,2014,671619000,0,0,37
1255,Rwanda,Soybeans,2014,5000,0,0,0
1256,Saint Lucia,Soybeans,2014,508000,0,0,0
1257,Saudi Arabia,Soybeans,2014,64698000,0,0,0
1258,Senegal,Soybeans,2014,424000,0,0,0
1259,Serbia,Soybeans,2014,69262000,0,0,0
1260,India,Soybeans,2014,1580316000,0,0,-13
1261,Singapore,Soybeans,2014,43323000,0,0,0
1262,Slovakia,Soybeans,2014,46686000,0,0,0
1263,Vietnam,Soybeans,2014,156116000,0,0,0
1264,Slovenia,Soybeans,2014,202192000,0,0,0
1265,South Africa,Soybeans,2014,125935000,0,0,0
1266,Zimbabwe,Soybeans,2014,876000,0,0,0
1267,Spain,Soybeans,2014,626632000,0,0,16
1268,Sudan,Soybeans,2014,3000,0,0,0
1269,Suriname,Soybeans,2014,515000,0,0,0
1270,Swaziland,Soybeans,2014,22000,0,0,0
1271,Sweden,Soybeans,2014,13222000,0,0,0
1272,Switzerland,Soybeans,2014,97258000,0,0,-9
1273,Syria,Soybeans,2014,10908000,0,0,0
1274,Thailand,Soybeans,2014,38073000,0,0,0
1275,Togo,Soybeans,2014,4454000,0,0,0
1276,Trinidad and Tobago,Soybeans,2014,6929000,0,0,0
1277,UAE,Soybeans,2014,96975000,0,0,0
1278,Tunisia,Soybeans,2014,17535000,0,0,0
1279,Turkey,Soybeans,2014,75702000,0,0,0
1280,Uganda,Soybeans,2014,3281000,0,0,0
1281,Ukraine,Soybeans,2014,928184000,0,0,0
1282,Macedonia,,,0,0,0,0
1283,Egypt,Soybeans,2014,93195000,0,0,0
1284,United Kingdom,Soybeans,2014,80110000,0,0,0
1285,Tanzania,Soybeans,2014,2820000,0,0,0
1286,USA,Soybeans,2014,31652072000,54949453.76,85,0
1287,Burkina Faso,Soybeans,2014,490000,0,0,0
1288,Uruguay,Soybeans,2014,2334467000,0,0,0
1289,Venezuela,Soybeans,2014,755000,0,0,0
1290,Yemen,Soybeans,2014,0,0,0,0
1291,Zambia,Soybeans,2014,56400000,0,0,0
1292,All Countries,,2014,1.09E+11,0,0,0
1293,Afghanistan,Soybeans,2015,5000,0,0,0
1294,Albania,Soybeans,2015,125000,0,0,0
1295,Algeria,Soybeans,2015,447000,0,0,0
1296,Andorra,Soybeans,2015,0,0,0,0
1297,Angola,Soybeans,2015,1000,0,0,0
1298,Antigua and Barbuda,Soybeans,2015,18828000,0,0,0
1299,Azerbaijan,Soybeans,2015,0,0,0,0
1300,Argentina,Soybeans,2015,19401203000,13885642,30,0
1301,Australia,Soybeans,2015,14372000,0,0,0
1302,Austria,Soybeans,2015,107427000,0,0,0
1303,Bahamas,Soybeans,2015,0,0,0,0
1304,Bahrain,Soybeans,2015,625000,0,0,0
1305,Bangladesh,Soybeans,2015,231000,0,0,0
1306,Barbados,Soybeans,2015,3886000,0,0,0
1307,Belgium,Soybeans,2015,297256000,0,0,0
1308,Bhutan,Soybeans,2015,0,0,0,0
1309,Bolivia,Soybeans,2015,870085000,0,0,0
1310,Bosnia Herzegovina,Soybeans,2015,13317000,0,0,0
1311,Botswana,Soybeans,2015,0,0,0,0
1312,Brazil,Soybeans,2015,29577924000,1246,83,9
1313,Belize,Soybeans,2015,489000,0,0,0
1314,British Virgin Isds,Soybeans,2015,0,0,0,0
1315,Brunei Darussalam,Soybeans,2015,11000,0,0,0
1316,Bulgaria,Soybeans,2015,27553000,0,0,0
1317,Myanmar,Soybeans,2015,3108000,0,0,0
1318,Burundi,Soybeans,2015,0,0,0,0
1319,Belarus,Soybeans,2015,349000,0,0,0
1320,Cambodia,Soybeans,2015,35344000,0,0,0
1321,Cameroon,Soybeans,2015,33000,0,0,0
1322,Canada,Soybeans,2015,2179774000,4654066.607,25,0
1323,Cabo Verde,Soybeans,2015,0,0,0,0
1324,Sri Lanka,Soybeans,2015,221000,0,0,0
1325,Chile,Soybeans,2015,9507000,0,0,0
1326,China,Soybeans,2015,1082473000,0,0,1
1327,Colombia,Soybeans,2015,170000,0,0,0
1328,Congo,,,0,0,0,0
1329,Costa Rica,Soybeans,2015,10885000,0,0,0
1330,Croatia,Soybeans,2015,85609000,0,0,0
1331,Cuba,Soybeans,2015,0,0,0,0
1332,Cyprus,Soybeans,2015,143000,0,0,0
1333,Czech Rep.,Soybeans,2015,7539000,0,0,0
1334,Benin,Soybeans,2015,594000,0,0,0
1335,Denmark,Soybeans,2015,46161000,0,0,0
1336,Dominican Rep.,Soybeans,2015,5340000,0,0,0
1337,Ecuador,Soybeans,2015,448000,0,0,0
1338,El Salvador,Soybeans,2015,2795000,0,0,0
1339,Equatorial Guinea,Soybeans,2015,0,0,0,0
1340,Ethiopia,Soybeans,2015,16727000,0,0,0
1341,Estonia,Soybeans,2015,1924000,0,0,0
1342,Faeroe Isds,Soybeans,2015,0,0,0,0
1343,Fiji,Soybeans,2015,522000,0,0,0
1344,Finland,Soybeans,2015,78000,0,0,0
1345,France,Soybeans,2015,155304000,0,0,0
1346,Djibouti,Soybeans,2015,372000,0,0,0
1347,Gabon,Soybeans,2015,0,0,0,0
1348,Georgia,Soybeans,2015,4356000,0,0,0
1349,Gambia,Soybeans,2015,0,0,0,0
1350,State of Palestine,Soybeans,2015,607000,0,0,0
1351,Germany,Soybeans,2015,1237960000,0,0,0
1352,Ghana,Soybeans,2015,230000,0,0,0
1353,Greece,Soybeans,2015,19504000,0,0,0
1354,Greenland,Soybeans,2015,0,0,0,0
1355,Guam,Soybeans,2015,9000,0,0,0
1356,Guatemala,Soybeans,2015,4888000,0,0,0
1357,Guyana,Soybeans,2015,0,0,0,0
1358,Honduras,Soybeans,2015,110000,0,0,0
1359,China,,,0,0,0,0
1360,Hungary,Soybeans,2015,79213000,0,0,0
1361,Iceland,Soybeans,2015,88000,0,0,0
1362,Indonesia,Soybeans,2015,22545000,0,0,0
1363,Iran,Soybeans,2015,144000,0,0,0
1364,Iraq,Soybeans,2015,0,0,0,0
1365,Ireland,Soybeans,2015,11127000,0,0,0
1366,Israel,Soybeans,2015,13973000,0,0,0
1367,Italy,Soybeans,2015,191548000,0,0,0
1368,Cote d'Ivoire,Soybeans,2015,372000,0,0,0
1369,Jamaica,Soybeans,2015,49000,0,0,0
1370,Japan,Soybeans,2015,5729000,0,0,0
1371,Kazakhstan,Soybeans,2015,24447000,0,0,0
1372,Jordan,Soybeans,2015,482000,0,0,0
1373,Kenya,Soybeans,2015,674000,0,0,0
1374,Korea,,,0,0,0,0
1375,Korea,,,0,0,0,0
1376,Kuwait,Soybeans,2015,2069000,0,0,0
1377,Kyrgyzstan,Soybeans,2015,56000,0,0,0
1378,Lao PDR,Soybeans,2015,40000,0,0,0
1379,Lebanon,Soybeans,2015,16000,0,0,0
1380,Latvia,Soybeans,2015,7178000,0,0,0
1381,Liberia,Soybeans,2015,0,0,0,0
1382,Libya,Soybeans,2015,0,0,0,0
1383,Lithuania,Soybeans,2015,23164000,0,0,0
1384,Luxembourg,Soybeans,2015,22949000,0,0,0
1385,China,,,0,0,0,0
1386,Madagascar,Soybeans,2015,0,0,0,0
1387,Malawi,Soybeans,2015,13365000,0,0,0
1388,Malaysia,Soybeans,2015,168413000,0,0,0
1389,Maldives,Soybeans,2015,0,0,0,0
1390,Mali,Soybeans,2015,7000,0,0,0
1391,Malta,Soybeans,2015,72000,0,0,0
1392,Latin American Integration Association,,,0,0,0,0
1393,Mauritania,Soybeans,2015,261000,0,0,0
1394,Mauritius,Soybeans,2015,7003000,0,0,0
1395,Mexico,Soybeans,2015,12231000,0,0,0
1396,Other Asia,,,0,0,0,0
1397,Mongolia,Soybeans,2015,0,0,0,0
1398,Moldova,Soybeans,2015,42325000,0,0,0
1399,Montenegro,Soybeans,2015,64000,0,0,0
1400,Morocco,Soybeans,2015,21273000,0,0,0
1401,Mozambique,Soybeans,2015,2453000,0,0,0
1402,Oman,Soybeans,2015,71000,0,0,0
1403,Namibia,Soybeans,2015,342000,0,0,0
1404,Nauru,Soybeans,2015,0,0,0,0
1405,Nepal,Soybeans,2015,53000,0,0,0
1406,Netherlands,Soybeans,2015,2067782000,0,0,-4
1407,Curacao,Soybeans,2015,0,0,0,0
1408,Aruba,Soybeans,2015,26000,0,0,0
1409,Bonaire,Soybeans,2015,0,0,0,0
1410,New Zealand,Soybeans,2015,186000,0,0,0
1411,Nicaragua,Soybeans,2015,29822000,0,0,0
1412,Nigeria,Soybeans,2015,7000,0,0,0
1413,Other Europe,,,0,0,0,0
1414,Norway,Soybeans,2015,141976000,0,0,0
1415,Pakistan,Soybeans,2015,1697000,0,0,0
1416,Panama,Soybeans,2015,3769000,0,0,0
1417,Papua New Guinea,Soybeans,2015,436000,0,0,0
1418,Paraguay,Soybeans,2015,2876312000,6988429.126,20,0
1419,Peru,Soybeans,2015,313000,0,0,0
1420,Philippines,Soybeans,2015,9599000,0,0,0
1421,Poland,Soybeans,2015,23122000,0,0,0
1422,Portugal,Soybeans,2015,58269000,0,0,0
1423,Qatar,Soybeans,2015,20000,0,0,0
1424,Romania,Soybeans,2015,138504000,0,0,0
1425,Russia,Soybeans,2015,714485000,0,0,32
1426,Rwanda,Soybeans,2015,3179000,0,0,0
1427,Saudi Arabia,Soybeans,2015,48206000,0,0,0
1428,Senegal,Soybeans,2015,257000,0,0,0
1429,Serbia,Soybeans,2015,99940000,0,0,0
1430,Sierra Leone,Soybeans,2015,0,0,0,0
1431,India,Soybeans,2015,750437000,0,0,-14
1432,Singapore,Soybeans,2015,65831000,0,0,0
1433,Slovakia,Soybeans,2015,26742000,0,0,0
1434,Vietnam,Soybeans,2015,155764000,0,0,0
1435,Slovenia,Soybeans,2015,212834000,0,0,0
1436,South Africa,Soybeans,2015,158748000,0,0,0
1437,Zimbabwe,Soybeans,2015,163000,0,0,0
1438,Spain,Soybeans,2015,506699000,0,0,0
1439,Sudan,Soybeans,2015,0,0,0,0
1440,Suriname,Soybeans,2015,107000,0,0,0
1441,Swaziland,Soybeans,2015,398000,0,0,0
1442,Sweden,Soybeans,2015,14191000,0,0,0
1443,Switzerland,Soybeans,2015,143958000,0,0,-24
1444,Syria,Soybeans,2015,42000,0,0,0
1445,Thailand,Soybeans,2015,41541000,0,0,0
1446,Togo,Soybeans,2015,5746000,0,0,0
1447,Tokelau,Soybeans,2015,0,0,0,0
1448,Trinidad and Tobago,Soybeans,2015,16250000,0,0,0
1449,UAE,Soybeans,2015,58217000,0,0,-36
1450,Tunisia,Soybeans,2015,16201000,0,0,0
1451,Turkey,Soybeans,2015,57856000,0,0,0
1452,Turkmenistan,Soybeans,2015,0,0,0,0
1453,Uganda,Soybeans,2015,6497000,0,0,0
1454,Ukraine,Soybeans,2015,1147347000,0,0,41
1455,Macedonia,,,0,0,0,0
1456,Egypt,Soybeans,2015,40646000,0,0,0
1457,United Kingdom,Soybeans,2015,58338000,0,0,0
1458,Tanzania,Soybeans,2015,2371000,0,0,0
1459,Bunkers,Soybeans,2015,0,0,0,0
1460,USA,Soybeans,2015,26397766000,61354798.35,79,0
1461,Burkina Faso,Soybeans,2015,1385000,0,0,0
1462,Uruguay,Soybeans,2015,1753783000,0,0,0
1463,Venezuela,Soybeans,2015,493000,0,0,0
1464,Samoa,Soybeans,2015,0,0,0,0
1465,Yemen,Soybeans,2015,123000,0,0,0
1466,Zambia,Soybeans,2015,31573000,0,0,0
1467,All Countries,,2015,93810618000,0,0,0
1468,Albania,Soybeans,2016,4000,0,0,0
1469,Algeria,Soybeans,2016,8323000,0,0,0
1470,Angola,Soybeans,2016,0,0,0,0
1471,Antigua and Barbuda,Soybeans,2016,3639000,0,0,0
1472,Azerbaijan,Soybeans,2016,0,0,0,0
1473,Argentina,Soybeans,2016,17972288000,42929520.71,20,0
1474,Australia,Soybeans,2016,23432000,0,0,0
1475,Austria,Soybeans,2016,91734000,0,0,0
1476,Bahamas,Soybeans,2016,0,0,0,0
1477,Bahrain,Soybeans,2016,5000,0,0,0
1478,Bangladesh,Soybeans,2016,3814000,0,0,0
1479,Armenia,Soybeans,2016,300000,0,0,0
1480,Barbados,Soybeans,2016,2854000,0,0,0
1481,Belgium,Soybeans,2016,295078000,0,0,0
1482,Bolivia,Soybeans,2016,1030390000,0,0,7
1483,Bosnia Herzegovina,Soybeans,2016,3782000,0,0,0
1484,Botswana,Soybeans,2016,0,0,0,0
1485,Bouvet Island,Soybeans,2016,0,0,0,0
1486,Brazil,Soybeans,2016,26657782000,67205210.79,78,0
1487,Belize,Soybeans,2016,2355000,0,0,0
1488,Solomon Isds,Soybeans,2016,0,0,0,0
1489,British Virgin Isds,Soybeans,2016,0,0,0,0
1490,Brunei Darussalam,Soybeans,2016,0,0,0,0
1491,Bulgaria,Soybeans,2016,13839000,0,0,0
1492,Myanmar,Soybeans,2016,181000,0,0,0
1493,Belarus,Soybeans,2016,4690000,0,0,0
1494,Cambodia,Soybeans,2016,2118000,0,0,0
1495,Cameroon,Soybeans,2016,14000,0,0,0
1496,Canada,Soybeans,2016,2184003000,1,18,5
1497,Central African Rep.,Soybeans,2016,0,0,0,0
1498,Sri Lanka,Soybeans,2016,560000,0,0,0
1499,Chile,Soybeans,2016,12286000,0,0,0
1500,China,Soybeans,2016,1035360000,0,0,17
1501,Colombia,Soybeans,2016,2998000,0,0,0
1502,Congo,,,0,0,0,0
1503,Congo,,,0,0,0,0
1504,Costa Rica,Soybeans,2016,8314000,0,0,0
1505,Croatia,Soybeans,2016,76791000,0,0,0
1506,Cuba,Soybeans,2016,0,0,0,0
1507,Cyprus,Soybeans,2016,27000,0,0,0
1508,Czech Rep.,Soybeans,2016,5252000,0,0,0
1509,Benin,Soybeans,2016,8707000,0,0,0
1510,Denmark,Soybeans,2016,36751000,0,0,0
1511,Dominica,Soybeans,2016,0,0,0,0
1512,Dominican Rep.,Soybeans,2016,6238000,0,0,0
1513,Ecuador,Soybeans,2016,75000,0,0,0
1514,El Salvador,Soybeans,2016,132000,0,0,0
1515,Equatorial Guinea,Soybeans,2016,0,0,0,0
1516,Ethiopia,Soybeans,2016,29346000,0,0,0
1517,Estonia,Soybeans,2016,2781000,0,0,0
1518,Faeroe Isds,Soybeans,2016,0,0,0,0
1519,Fiji,Soybeans,2016,279000,0,0,0
1520,Finland,Soybeans,2016,12205000,0,0,0
1521,France,Soybeans,2016,123150000,0,0,0
1522,French Polynesia,Soybeans,2016,0,0,0,0
1523,Djibouti,Soybeans,2016,116000,0,0,0
1524,Gabon,Soybeans,2016,0,0,0,0
1525,Georgia,Soybeans,2016,8957000,0,0,0
1526,Gambia,Soybeans,2016,0,0,0,0
1527,State of Palestine,Soybeans,2016,758000,0,0,0
1528,Germany,Soybeans,2016,931656000,0,0,0
1529,Ghana,Soybeans,2016,8109000,0,0,0
1530,Gibraltar,Soybeans,2016,0,0,0,0
1531,Greece,Soybeans,2016,23414000,0,0,0
1532,Greenland,Soybeans,2016,0,0,0,0
1533,Grenada,Soybeans,2016,0,0,0,0
1534,Guam,Soybeans,2016,9000,0,0,0
1535,Guatemala,Soybeans,2016,5405000,0,0,0
1536,Guinea,Soybeans,2016,0,0,0,0
1537,Guyana,Soybeans,2016,32000,0,0,0
1538,Honduras,Soybeans,2016,53000,0,0,0
1539,China,,,0,0,0,0
1540,Hungary,Soybeans,2016,80812000,0,0,0
1541,Iceland,Soybeans,2016,12000,0,0,0
1542,Indonesia,Soybeans,2016,14047000,0,0,0
1543,Iran,Soybeans,2016,33000,0,0,0
1544,Iraq,Soybeans,2016,0,0,0,0
1545,Ireland,Soybeans,2016,16030000,0,0,0
1546,Israel,Soybeans,2016,12112000,0,0,0
1547,Italy,Soybeans,2016,226172000,0,0,0
1548,Cote d'Ivoire,Soybeans,2016,491000,0,0,0
1549,Jamaica,Soybeans,2016,14000,0,0,0
1550,Japan,Soybeans,2016,4801000,0,0,0
1551,Kazakhstan,Soybeans,2016,24829000,0,0,0
1552,Jordan,Soybeans,2016,510000,0,0,0
1553,Kenya,Soybeans,2016,579000,0,0,0
1554,Korea,,,0,0,0,0
1555,Korea,,,0,0,0,0
1556,Kuwait,Soybeans,2016,1791000,0,0,0
1557,Kyrgyzstan,Soybeans,2016,10000,0,0,0
1558,Lao PDR,Soybeans,2016,55000,0,0,0
1559,Lebanon,Soybeans,2016,205000,0,0,0
1560,Latvia,Soybeans,2016,20363000,0,0,0
1561,Liberia,Soybeans,2016,0,0,0,0
1562,Libya,Soybeans,2016,0,0,0,0
1563,Lithuania,Soybeans,2016,17051000,0,0,0
1564,Luxembourg,Soybeans,2016,34672000,0,0,0
1565,China,,,0,0,0,0
1566,Madagascar,Soybeans,2016,138000,0,0,0
1567,Malawi,Soybeans,2016,10795000,0,0,0
1568,Malaysia,Soybeans,2016,194782000,0,0,0
1569,Maldives,Soybeans,2016,0,0,0,0
1570,Mali,Soybeans,2016,160000,0,0,0
1571,Malta,Soybeans,2016,292000,0,0,0
1572,Mauritania,Soybeans,2016,307000,0,0,0
1573,Mauritius,Soybeans,2016,1245000,0,0,0
1574,Mexico,Soybeans,2016,12490000,0,0,0
1575,Other Asia,,,0,0,0,0
1576,Mongolia,Soybeans,2016,0,0,0,0
1577,Moldova,Soybeans,2016,14867000,0,0,0
1578,Montenegro,Soybeans,2016,2000,0,0,0
1579,Morocco,Soybeans,2016,18936000,0,0,0
1580,Mozambique,Soybeans,2016,11874000,0,0,0
1581,Oman,Soybeans,2016,15000,0,0,0
1582,Namibia,Soybeans,2016,6000,0,0,0
1583,Nepal,Soybeans,2016,1973000,0,0,0
1584,Netherlands,Soybeans,2016,1862287000,0,0,-6
1585,Curacao,Soybeans,2016,0,0,0,0
1586,Aruba,Soybeans,2016,24000,0,0,0
1587,Sint Maarten (Dutch part),Soybeans,2016,0,0,0,0
1588,New Caledonia,Soybeans,2016,0,0,0,0
1589,New Zealand,Soybeans,2016,292000,0,0,0
1590,Nicaragua,Soybeans,2016,273000,0,0,0
1591,Niger,Soybeans,2016,2000,0,0,0
1592,Nigeria,Soybeans,2016,22634000,0,0,0
1593,Other Europe,,,0,0,0,0
1594,Norway,Soybeans,2016,151334000,0,0,0
1595,Pakistan,Soybeans,2016,5958000,0,0,0
1596,Panama,Soybeans,2016,16529000,0,0,0
1597,Papua New Guinea,Soybeans,2016,474000,0,0,0
1598,Paraguay,Soybeans,2016,3229113000,8156209.365,15,0
1599,Peru,Soybeans,2016,494000,0,0,0
1600,Philippines,Soybeans,2016,129000,0,0,0
1601,Poland,Soybeans,2016,16312000,0,0,0
1602,Portugal,Soybeans,2016,96927000,0,0,0
1603,Qatar,Soybeans,2016,1000,0,0,0
1604,Romania,Soybeans,2016,128641000,0,0,0
1605,Russia,Soybeans,2016,741679000,0,0,29
1606,Rwanda,Soybeans,2016,1662000,0,0,0
1607,Saint Lucia,Soybeans,2016,767000,0,0,0
1608,Saint Vincent and the Grenadines,Soybeans,2016,0,0,0,0
1609,Saudi Arabia,Soybeans,2016,52658000,0,0,0
1610,Senegal,Soybeans,2016,177000,0,0,0
1611,Serbia,Soybeans,2016,138220000,0,0,0
1612,Sierra Leone,Soybeans,2016,0,0,0,0
1613,India,Soybeans,2016,446900000,0,0,-28
1614,Singapore,Soybeans,2016,52883000,0,0,0
1615,Slovakia,Soybeans,2016,23933000,0,0,0
1616,Vietnam,Soybeans,2016,31121000,0,0,0
1617,Slovenia,Soybeans,2016,193800000,0,0,0
1618,South Africa,Soybeans,2016,171009000,0,0,0
1619,Zimbabwe,Soybeans,2016,437000,0,0,0
1620,Spain,Soybeans,2016,464041000,0,0,-6
1621,South Sudan,Soybeans,2016,0,0,0,0
1622,Sudan,Soybeans,2016,1000,0,0,0
1623,Suriname,Soybeans,2016,1376000,0,0,0
1624,Swaziland,Soybeans,2016,0,0,0,0
1625,Sweden,Soybeans,2016,19085000,0,0,0
1626,Switzerland,Soybeans,2016,74272000,0,0,0
1627,Syria,Soybeans,2016,1309000,0,0,0
1628,Tajikistan,Soybeans,2016,0,0,0,0
1629,Thailand,Soybeans,2016,39648000,0,0,0
1630,Togo,Soybeans,2016,10779000,0,0,0
1631,Trinidad and Tobago,Soybeans,2016,3909000,0,0,0
1632,UAE,Soybeans,2016,62588000,0,0,0
1633,Tunisia,Soybeans,2016,19310000,0,0,0
1634,Turkey,Soybeans,2016,167097000,0,0,0
1635,Turkmenistan,Soybeans,2016,0,0,0,0
1636,Uganda,Soybeans,2016,22290000,0,0,0
1637,Ukraine,Soybeans,2016,905246000,0,0,0
1638,Macedonia,,,0,0,0,0
1639,Egypt,Soybeans,2016,62869000,0,0,0
1640,United Kingdom,Soybeans,2016,51321000,0,0,0
1641,Tanzania,Soybeans,2016,423000,0,0,0
1642,Free Zones,Soybeans,2016,3242000,0,0,0
1643,Special Categories,Soybeans,2016,435000,0,0,0
1644,USA,Soybeans,2016,27828017000,68217321.57,80,0
1645,Burkina Faso,Soybeans,2016,1938000,0,0,0
1646,Uruguay,Soybeans,2016,1324136000,0,0,0
1647,Venezuela,Soybeans,2016,9000,0,0,0
1648,Samoa,Soybeans,2016,0,0,0,0
1649,Yemen,Soybeans,2016,0,0,0,0
1650,Zambia,Soybeans,2016,16184000,0,0,0
1651,All Countries,,2016,89829057000,0,0,0
1652,Afghanistan,Soybeans,2017,5000,0,0,0
1653,Albania,Soybeans,2017,125000,0,0,0
1654,Algeria,Soybeans,2017,447000,0,0,0
1655,Andorra,Soybeans,2017,0,0,0,0
1656,Angola,Soybeans,2017,1000,0,0,0
1657,Antigua and Barbuda,Soybeans,2017,18828000,0,0,0
1658,Azerbaijan,Soybeans,2017,0,0,0,0
1659,Argentina,Soybeans,2017,19401203000,13885642,30,0
1660,Australia,Soybeans,2017,14372000,0,0,0
1661,Austria,Soybeans,2017,107427000,0,0,0
1662,Bahamas,Soybeans,2017,0,0,0,0
1663,Bahrain,Soybeans,2017,625000,0,0,0
1664,Bangladesh,Soybeans,2017,231000,0,0,0
1665,Barbados,Soybeans,2017,3886000,0,0,0
1666,Belgium,Soybeans,2017,297256000,0,0,0
1667,Bhutan,Soybeans,2017,0,0,0,0
1668,Bolivia,Soybeans,2017,870085000,0,0,0
1669,Bosnia Herzegovina,Soybeans,2017,13317000,0,0,0
1670,Botswana,Soybeans,2017,0,0,0,0
1671,Brazil,Soybeans,2017,35577924000,1246,83,0
1672,Belize,Soybeans,2017,489000,0,0,0
1673,British Virgin Isds,Soybeans,2017,0,0,0,0
1674,Brunei Darussalam,Soybeans,2017,11000,0,0,0
1675,Bulgaria,Soybeans,2017,27553000,0,0,0
1676,Myanmar,Soybeans,2017,3108000,0,0,0
1677,Burundi,Soybeans,2017,0,0,0,0
1678,Belarus,Soybeans,2017,349000,0,0,0
1679,Cambodia,Soybeans,2017,35344000,0,0,0
1680,Cameroon,Soybeans,2017,33000,0,0,0
1681,Canada,Soybeans,2017,2179774000,4654066.607,25,0
1682,Cabo Verde,Soybeans,2017,0,0,0,0
1683,Sri Lanka,Soybeans,2017,221000,0,0,0
1684,Chile,Soybeans,2017,9507000,0,0,0
1685,China,Soybeans,2017,1082473000,0,0,1
1686,Colombia,Soybeans,2017,170000,0,0,0
1687,Costa Rica,Soybeans,2017,10885000,0,0,0
1688,Croatia,Soybeans,2017,85609000,0,0,0
1689,Cuba,Soybeans,2017,0,0,0,0
1690,Cyprus,Soybeans,2017,143000,0,0,0
1691,Czech Rep.,Soybeans,2017,7539000,0,0,0
1692,Benin,Soybeans,2017,594000,0,0,0
1693,Denmark,Soybeans,2017,46161000,0,0,0
1694,Dominican Rep.,Soybeans,2017,5340000,0,0,0
1695,Ecuador,Soybeans,2017,448000,0,0,0
1696,El Salvador,Soybeans,2017,2795000,0,0,0
1697,Equatorial Guinea,Soybeans,2017,0,0,0,0
1698,Ethiopia,Soybeans,2017,16727000,0,0,0
1699,Estonia,Soybeans,2017,1924000,0,0,0
1700,Faeroe Isds,Soybeans,2017,0,0,0,0
1701,Fiji,Soybeans,2017,522000,0,0,0
1702,Finland,Soybeans,2017,78000,0,0,0
1703,France,Soybeans,2017,155304000,0,0,0
1704,Djibouti,Soybeans,2017,372000,0,0,0
1705,Gabon,Soybeans,2017,0,0,0,0
1706,Georgia,Soybeans,2017,4356000,0,0,0
1707,Gambia,Soybeans,2017,0,0,0,0
1708,State of Palestine,Soybeans,2017,607000,0,0,0
1709,Germany,Soybeans,2017,1237960000,0,0,0
1710,Ghana,Soybeans,2017,230000,0,0,0
1711,Greece,Soybeans,2017,19504000,0,0,0
1712,Greenland,Soybeans,2017,0,0,0,0
1713,Guam,Soybeans,2017,9000,0,0,0
1714,Guatemala,Soybeans,2017,4888000,0,0,0
1715,Guyana,Soybeans,2017,0,0,0,0
1716,Honduras,Soybeans,2017,110000,0,0,0
1717,Hungary,Soybeans,2017,79213000,0,0,0
1718,Iceland,Soybeans,2017,88000,0,0,0
1719,Indonesia,Soybeans,2017,22545000,0,0,0
1720,Iran,Soybeans,2017,144000,0,0,0
1721,Iraq,Soybeans,2017,0,0,0,0
1722,Ireland,Soybeans,2017,11127000,0,0,0
1723,Israel,Soybeans,2017,13973000,0,0,0
1724,Italy,Soybeans,2017,191548000,0,0,0
1725,Cote d'Ivoire,Soybeans,2017,372000,0,0,0
1726,Jamaica,Soybeans,2017,49000,0,0,0
1727,Japan,Soybeans,2017,5729000,0,0,0
1728,Kazakhstan,Soybeans,2017,24447000,0,0,0
1729,Jordan,Soybeans,2017,482000,0,0,0
1730,Kenya,Soybeans,2017,674000,0,0,0
1731,Kuwait,Soybeans,2017,2069000,0,0,0
1732,Kyrgyzstan,Soybeans,2017,56000,0,0,0
1733,Lao PDR,Soybeans,2017,40000,0,0,0
1734,Lebanon,Soybeans,2017,16000,0,0,0
1735,Latvia,Soybeans,2017,7178000,0,0,0
1736,Liberia,Soybeans,2017,0,0,0,0
1737,Libya,Soybeans,2017,0,0,0,0
1738,Lithuania,Soybeans,2017,23164000,0,0,0
1739,Luxembourg,Soybeans,2017,22949000,0,0,0
1740,Madagascar,Soybeans,2017,0,0,0,0
1741,Malawi,Soybeans,2017,13365000,0,0,0
1742,Malaysia,Soybeans,2017,168413000,0,0,0
1743,Maldives,Soybeans,2017,0,0,0,0
1744,Mali,Soybeans,2017,7000,0,0,0
1745,Malta,Soybeans,2017,72000,0,0,0
1746,Mauritania,Soybeans,2017,261000,0,0,0
1747,Mauritius,Soybeans,2017,7003000,0,0,0
1748,Mexico,Soybeans,2017,12231000,0,0,0
1749,Mongolia,Soybeans,2017,0,0,0,0
1750,Moldova,Soybeans,2017,42325000,0,0,0
1751,Montenegro,Soybeans,2017,64000,0,0,0
1752,Morocco,Soybeans,2017,21273000,0,0,0
1753,Mozambique,Soybeans,2017,2453000,0,0,0
1754,Oman,Soybeans,2017,71000,0,0,0
1755,Namibia,Soybeans,2017,342000,0,0,0
1756,Nauru,Soybeans,2017,0,0,0,0
1757,Nepal,Soybeans,2017,53000,0,0,0
1758,Netherlands,Soybeans,2017,2067782000,0,0,-4
1759,Curacao,Soybeans,2017,0,0,0,0
1760,Aruba,Soybeans,2017,26000,0,0,0
1761,Bonaire,Soybeans,2017,0,0,0,0
1762,New Zealand,Soybeans,2017,186000,0,0,0
1763,Nicaragua,Soybeans,2017,29822000,0,0,0
1764,Nigeria,Soybeans,2017,7000,0,0,0
1765,Norway,Soybeans,2017,141976000,0,0,0
1766,Pakistan,Soybeans,2017,1697000,0,0,0
1767,Panama,Soybeans,2017,3769000,0,0,0
1768,Papua New Guinea,Soybeans,2017,436000,0,0,0
1769,Paraguay,Soybeans,2017,2876312000,6988429.126,20,0
1770,Peru,Soybeans,2017,313000,0,0,0
1771,Philippines,Soybeans,2017,9599000,0,0,0
1772,Poland,Soybeans,2017,23122000,0,0,0
1773,Portugal,Soybeans,2017,58269000,0,0,0
1774,Qatar,Soybeans,2017,20000,0,0,0
1775,Romania,Soybeans,2017,138504000,0,0,0
1776,Russia,Soybeans,2017,714485000,0,0,32
1777,Rwanda,Soybeans,2017,3179000,0,0,0
1778,Saudi Arabia,Soybeans,2017,48206000,0,0,0
1779,Senegal,Soybeans,2017,257000,0,0,0
1780,Serbia,Soybeans,2017,99940000,0,0,0
1781,Sierra Leone,Soybeans,2017,0,0,0,0
1782,India,Soybeans,2017,750437000,0,0,-14
1783,Singapore,Soybeans,2017,65831000,0,0,0
1784,Slovakia,Soybeans,2017,26742000,0,0,0
1785,Vietnam,Soybeans,2017,155764000,0,0,0
1786,Slovenia,Soybeans,2017,212834000,0,0,0
1787,South Africa,Soybeans,2017,158748000,0,0,0
1788,Zimbabwe,Soybeans,2017,163000,0,0,0
1789,Spain,Soybeans,2017,506699000,0,0,-32
1790,Sudan,Soybeans,2017,0,0,0,0
1791,Suriname,Soybeans,2017,107000,0,0,0
1792,Swaziland,Soybeans,2017,398000,0,0,0
1793,Sweden,Soybeans,2017,14191000,0,0,0
1794,Switzerland,Soybeans,2017,143958000,0,0,-24
1795,Syria,Soybeans,2017,42000,0,0,0
1796,Thailand,Soybeans,2017,41541000,0,0,0
1797,Togo,Soybeans,2017,5746000,0,0,0
1798,Tokelau,Soybeans,2017,0,0,0,0
1799,Trinidad and Tobago,Soybeans,2017,16250000,0,0,0
1800,UAE,Soybeans,2017,58217000,0,0,-15
1801,Tunisia,Soybeans,2017,16201000,0,0,0
1802,Turkey,Soybeans,2017,57856000,0,0,0
1803,Turkmenistan,Soybeans,2017,0,0,0,0
1804,Uganda,Soybeans,2017,6497000,0,0,0
1805,Ukraine,Soybeans,2017,1147347000,0,0,41
1806,Egypt,Soybeans,2017,40646000,0,0,0
1807,United Kingdom,Soybeans,2017,58338000,0,0,0
1808,Tanzania,Soybeans,2017,2371000,0,0,0
1809,Bunkers,Soybeans,2017,0,0,0,0
1810,USA,Soybeans,2017,24397766000,61354798.35,65,0
1811,Burkina Faso,Soybeans,2017,1385000,0,0,0
1812,Uruguay,Soybeans,2017,1753783000,0,0,0
1813,Venezuela,Soybeans,2017,493000,0,0,0
1814,Samoa,Soybeans,2017,0,0,0,0
1815,Yemen,Soybeans,2017,123000,0,0,0
1816,Zambia,Soybeans,2017,31573000,0,0,0
1817,All Countries,,2017,73810618000,0,0,0
